monthly_fee,download_speed,upload_speed,avg_ping,support_calls,contract_months,usage_gb,churn
509605,31.96,12.75,72.83,3,5,227.23,0
433408,23.0,19.01,29.35,1,7,161.75,0
527722,34.05,3.49,70.18,0,22,190.66,0
632763,53.56,1.0,91.7,2,31,238.23,1
421901,28.14,9.38,54.24,3,32,234.89,0
421903,34.36,10.08,119.97,1,8,211.37,0
639505,35.87,11.09,11.9,0,11,179.09,1
542092,47.73,7.77,72.35,1,1,221.11,0
393663,1.3,9.0,84.16,0,19,38.49,0
515107,25.9,11.84,77.28,1,7,283.29,0
394389,38.17,15.2,49.89,2,25,170.72,1
394112,53.0,1.0,47.74,1,22,128.55,0
479035,27.62,8.16,66.1,4,27,221.96,0
220406,6.85,11.07,75.39,1,15,220.0,0
243009,44.3,5.41,70.06,2,2,111.65,0
382525,25.47,18.66,81.0,0,8,184.73,0
328460,17.16,6.82,29.53,0,6,182.61,0
487709,25.63,9.79,49.31,5,20,178.05,1
341037,32.23,12.78,31.5,0,27,293.68,0
280523,25.93,7.04,45.35,0,23,178.59,0
625877,1.92,1.0,80.38,1,17,170.91,0
422906,48.46,7.86,57.7,0,13,132.37,0
458103,54.12,15.15,120.17,1,4,122.26,1
279030,44.77,8.32,59.84,1,20,207.44,0
384674,17.93,5.77,56.49,3,25,147.11,0
463310,31.98,14.63,57.65,1,22,166.84,0
311880,34.9,8.35,39.05,1,17,193.87,0
495083,43.98,7.45,53.55,3,11,184.46,0
377923,45.03,10.75,83.19,2,25,189.45,0
414996,23.99,13.85,57.85,3,5,189.19,0
377795,36.23,21.91,35.16,1,21,223.72,0
672273,41.86,14.14,31.87,0,26,364.87,0
448380,56.84,15.8,43.74,0,16,266.05,0
323074,45.57,7.47,56.85,1,21,154.64,0
548705,46.84,4.87,84.84,6,32,265.09,1
303498,36.26,10.31,21.49,0,4,106.23,0
475063,56.16,10.54,47.0,5,8,140.36,0
214839,41.15,4.61,58.61,1,9,229.48,0
290617,22.08,9.12,9.16,3,17,227.31,0
473623,56.05,12.0,34.16,3,13,222.11,0
538615,45.47,11.8,38.0,2,9,138.68,0
470564,28.35,12.52,35.1,2,6,139.16,0
436122,27.81,11.45,59.8,2,27,189.18,0
413867,39.45,7.46,50.99,2,24,162.34,0
272577,41.95,7.43,41.12,4,9,242.17,0
363618,37.96,4.01,65.7,2,11,160.59,0
394723,39.67,18.92,98.08,1,35,158.52,0
576854,60.5,10.07,95.98,2,29,66.19,1
491234,51.07,8.88,6.93,3,8,241.27,0
238435,37.86,5.36,69.43,3,17,202.57,0
488890,49.12,24.68,50.55,1,7,19.98,0
403790,19.51,4.63,58.88,3,12,211.15,1
368769,40.97,7.86,45.04,3,15,151.92,0
523401,62.14,12.08,57.94,1,29,234.32,0
573719,31.73,13.0,58.79,1,24,172.64,1
561753,22.29,14.79,40.53,0,14,123.69,0
349293,25.22,19.04,32.59,1,11,301.03,0
412894,18.66,12.53,43.78,2,35,290.04,0
489751,23.23,4.72,60.86,4,17,167.0,1
567065,29.44,8.72,69.97,3,27,206.08,0
392499,13.92,11.54,76.33,1,3,147.85,1
427720,35.23,20.34,42.65,3,2,60.55,0
317239,48.53,3.01,62.1,4,4,272.24,0
306455,21.38,16.01,79.06,2,18,124.16,0
547503,57.79,10.9,84.14,3,20,269.15,1
612748,42.66,14.19,53.53,1,21,228.81,0
441358,50.46,9.49,49.48,0,14,200.1,0
570423,25.13,5.79,59.78,1,8,177.14,0
493396,47.82,13.75,26.26,1,2,229.1,0
372585,18.62,13.27,50.16,3,26,114.87,0
493367,48.35,14.86,73.61,1,19,273.41,0
634564,37.58,9.93,71.05,4,28,190.02,1
445700,43.3,7.0,48.24,4,29,284.65,0
637757,17.37,2.21,60.44,1,5,171.44,1
150000,21.57,14.1,34.38,1,28,189.98,0
548628,43.96,12.12,72.59,1,26,198.47,0
460445,20.77,5.17,53.05,3,5,220.32,0
414119,41.95,7.31,48.1,3,15,306.76,0
461011,14.49,7.67,45.96,2,9,149.34,0
211491,47.72,2.59,53.43,2,32,171.05,0
423639,16.51,5.91,43.8,4,26,178.65,0
492853,43.28,4.33,71.45,1,15,17.92,0
627347,44.38,7.94,45.12,2,4,141.16,1
387807,24.55,6.31,94.82,2,20,145.71,0
352980,43.73,1.86,91.63,2,27,364.67,0
389789,38.91,20.11,32.71,3,21,198.09,0
559848,26.92,16.26,56.74,2,22,214.54,0
489450,19.87,6.1,38.73,1,7,77.19,0
386428,5.56,11.36,46.83,3,31,175.61,0
511592,40.24,12.09,105.06,2,17,245.53,0
461649,11.53,15.96,47.31,2,7,356.17,0
566237,36.43,5.91,64.01,4,19,132.1,1
365753,31.05,15.46,68.53,0,28,52.91,1
410680,45.19,7.26,29.98,5,10,125.72,0
402947,30.47,3.32,33.62,1,27,126.01,0
274378,30.06,13.62,24.85,1,13,126.66,0
485534,45.98,16.45,32.85,2,2,243.53,0
481326,40.03,22.94,5.0,1,22,203.99,0
450613,39.74,4.0,68.61,1,20,101.01,0
421849,42.04,13.49,106.35,0,5,279.13,0
280155,11.97,7.95,58.7,1,6,312.51,0
399522,46.35,13.92,19.59,1,35,60.65,0
408874,44.19,2.65,38.93,1,1,262.44,0
353726,19.75,3.69,43.53,1,35,168.09,0
430645,31.34,6.12,29.56,0,3,114.06,0
498486,34.41,10.39,76.5,3,7,78.14,0
676342,32.98,6.79,75.26,1,29,148.31,0
470949,40.01,13.3,26.11,2,15,143.47,0
480906,56.47,15.13,73.13,1,11,190.32,0
441066,51.23,13.0,93.17,1,18,330.22,0
219747,15.32,18.09,102.56,1,4,144.45,1
446818,44.33,12.08,126.63,1,24,81.54,0
457227,54.93,3.92,32.45,4,11,156.89,0
745589,40.8,16.82,125.61,5,6,252.94,1
426916,51.36,6.97,46.14,1,18,162.66,0
486185,65.18,14.55,40.19,0,15,225.6,0
445834,50.36,17.87,63.18,3,3,191.9,0
309758,38.74,12.28,40.45,4,17,184.28,0
587138,50.68,2.52,64.98,4,33,291.11,0
540231,37.17,5.41,22.0,4,34,112.23,1
544923,35.36,16.61,49.03,3,30,107.15,0
340873,29.73,9.15,87.14,2,19,116.38,0
618335,58.45,10.4,53.57,0,9,204.17,0
281777,22.72,13.79,58.54,3,31,183.74,0
520422,57.99,13.48,66.88,3,27,229.71,0
712854,42.5,11.39,84.27,2,25,174.68,0
331135,14.01,8.96,13.62,1,7,166.31,0
382044,40.51,8.44,69.61,2,7,203.04,0
461958,3.5,14.29,48.3,1,20,298.75,0
389582,44.38,12.77,59.17,0,19,98.64,0
263920,48.28,8.71,81.5,4,2,115.59,1
458227,26.11,15.41,25.15,1,34,182.88,0
322523,36.85,9.35,29.68,4,17,322.27,0
506831,64.31,5.74,6.61,2,24,104.98,0
339669,27.41,6.21,41.27,1,9,179.3,0
635992,19.12,5.11,88.26,3,1,118.58,1
356009,57.22,8.64,51.99,2,28,207.87,0
411352,64.44,16.17,21.5,1,15,35.5,0
547622,35.06,5.97,42.86,0,21,107.47,0
302296,50.17,10.94,17.8,0,15,269.48,0
477295,55.12,6.72,26.87,4,23,180.65,0
606857,23.86,8.7,64.72,4,2,127.83,1
257102,27.72,2.45,25.65,3,9,176.79,0
472156,53.46,8.9,82.82,1,2,175.57,0
481185,60.28,9.03,53.22,1,2,219.26,0
543818,43.44,12.7,57.14,4,18,34.7,0
301565,21.8,11.12,48.04,1,17,107.43,0
291545,64.81,4.01,74.32,3,8,113.16,0
512632,27.04,15.42,74.58,1,34,224.06,0
485638,29.97,11.05,63.38,3,34,179.56,0
480059,40.14,10.99,69.12,2,5,280.84,0
491573,58.31,9.95,49.7,2,29,238.04,0
368397,47.81,7.41,68.56,3,28,155.79,0
477870,41.22,11.09,46.55,3,16,176.53,0
485168,41.95,12.38,55.06,2,14,270.57,0
364277,35.65,1.27,48.13,1,2,280.33,0
673892,43.37,7.31,43.57,1,4,173.3,1
506859,1.0,8.73,37.77,2,31,111.05,0
307043,30.55,11.28,66.69,2,26,32.94,0
528786,38.62,15.97,87.77,3,27,32.92,0
333038,17.73,6.14,84.28,0,34,213.05,0
544450,40.79,7.51,23.59,4,31,211.64,0
589031,31.93,7.44,87.23,3,11,132.72,0
351518,61.33,5.99,47.05,0,8,271.1,0
565605,58.6,8.26,70.02,2,12,165.51,0
499533,28.01,13.85,32.34,0,35,138.81,0
548647,32.74,4.73,58.55,2,34,261.98,0
677615,33.89,12.14,62.84,1,13,252.7,0
420553,28.23,1.49,17.88,4,27,176.39,0
359551,37.93,7.19,70.21,1,8,216.23,0
343258,23.63,8.35,88.65,0,21,225.06,0
352102,18.04,18.37,50.63,2,11,332.27,0
440747,44.34,8.63,89.0,2,22,170.83,0
490938,44.44,1.0,50.26,1,21,97.41,0
483202,22.94,1.0,76.24,2,28,223.78,1
549261,48.43,10.17,5.0,3,3,184.36,0
451560,25.53,13.07,115.47,2,7,187.86,0
624424,38.8,11.88,92.39,1,14,177.81,0
418241,47.31,10.84,47.88,0,15,68.61,0
776420,34.5,15.81,5.7,2,9,198.3,0
525080,41.82,7.3,62.2,2,7,154.86,0
347141,27.25,14.47,18.9,1,12,158.37,0
321492,32.05,1.84,66.12,3,19,152.13,0
507896,31.91,5.48,65.29,1,27,177.26,0
423184,23.8,1.0,31.46,4,18,198.23,0
535680,32.35,8.63,83.02,3,13,177.95,0
506788,11.77,9.77,75.14,4,1,260.84,0
441260,27.63,10.57,79.4,3,21,232.93,0
348384,30.73,10.31,55.22,0,34,174.88,0
268218,31.16,5.36,19.61,3,13,107.52,0
396418,31.38,9.05,79.45,1,23,220.64,0
552767,34.07,2.51,48.24,0,1,157.96,1
475691,42.19,16.82,20.26,2,23,168.05,0
300511,48.12,8.48,88.8,3,28,87.69,0
470781,25.25,7.56,107.49,3,32,208.95,0
496238,16.95,17.94,53.97,0,8,361.54,0
343937,19.37,3.79,108.98,0,26,144.56,1
468447,27.69,4.37,57.28,3,14,223.58,0
456985,29.72,4.52,45.49,2,24,267.21,0
312843,23.45,9.66,39.24,5,29,143.39,0
492934,15.56,12.16,95.93,3,4,10.24,0
517294,28.16,13.7,35.5,1,18,228.69,0
579966,37.72,22.86,73.38,1,14,185.55,0
576456,43.93,1.0,41.02,1,27,201.79,0
284679,26.64,13.04,43.49,2,3,183.84,0
337460,28.81,7.21,80.76,0,30,261.19,0
511804,21.1,7.07,45.5,4,23,173.17,0
511654,34.53,6.9,44.88,0,18,331.96,0
511805,22.27,5.46,83.32,2,10,228.86,0
900000,43.6,18.42,94.93,2,12,250.8,0
518506,8.21,14.21,71.12,1,8,180.46,0
586267,29.61,10.12,38.63,1,32,201.76,0
564480,39.52,16.76,42.23,3,17,61.73,0
528166,37.76,2.44,57.0,2,14,139.61,0
412167,75.4,3.35,63.02,5,9,255.44,0
541076,40.25,1.0,30.3,1,26,175.32,0
357260,19.94,6.5,73.08,4,24,101.26,0
421581,33.57,10.81,57.14,2,23,132.11,0
391756,8.36,10.51,12.11,2,31,131.54,0
459824,33.79,10.75,31.78,2,2,177.28,0
727759,22.5,2.94,42.4,4,18,121.61,1
225928,48.73,14.02,53.18,0,16,279.61,0
532351,26.76,11.2,102.23,1,29,194.57,0
256474,33.25,13.67,60.95,1,11,82.31,0
393368,25.47,1.0,33.98,3,2,287.53,0
580674,61.08,11.56,60.52,1,14,176.8,0
457713,30.18,4.06,46.2,1,4,215.42,0
320670,62.49,8.01,63.12,3,34,201.47,0
364163,47.21,12.67,69.51,2,9,209.22,0
531551,42.23,10.46,85.23,6,7,155.95,0
362356,40.53,5.74,54.39,4,17,203.15,0
475975,40.91,10.03,95.97,1,23,169.55,0
455468,6.08,2.34,77.7,1,11,205.35,0
371807,30.82,15.75,37.31,1,22,167.0,0
707273,47.68,8.97,110.25,2,18,159.7,1
526070,34.27,15.59,63.17,2,28,77.66,0
206982,13.92,7.37,34.12,7,16,179.64,0
472374,34.21,7.38,96.32,3,4,195.72,0
370585,60.56,6.18,106.94,1,22,309.42,0
552292,53.7,14.38,54.17,1,11,213.56,0
354897,34.07,6.45,42.41,1,21,129.27,0
436231,49.27,13.22,50.69,1,16,108.97,0
510598,29.5,8.09,72.87,2,9,198.72,0
553890,9.44,1.0,86.95,2,35,127.85,1
305964,21.13,7.15,69.26,1,34,140.21,0
409859,58.44,4.1,57.54,3,9,127.63,0
393006,30.89,10.17,92.45,1,13,157.0,1
371600,31.35,4.05,47.18,0,6,231.53,0
661854,30.5,14.63,80.77,2,4,40.71,1
498597,63.56,9.54,47.8,5,28,270.63,0
298693,59.39,9.11,65.78,2,11,165.71,0
560143,68.28,13.28,52.16,2,34,135.61,0
704658,32.61,14.82,53.6,1,35,242.14,0
573895,39.43,9.9,45.57,3,5,165.56,0
267675,12.25,6.14,88.62,1,11,106.72,0
391891,57.15,1.13,36.68,1,12,73.47,0
602029,17.48,6.57,36.49,2,19,228.68,0
365079,38.25,6.91,108.02,3,13,233.18,0
503258,18.54,10.54,79.45,1,4,151.09,0
542956,26.17,8.27,5.0,4,14,272.49,0
338768,22.44,13.44,40.87,3,2,182.51,1
442856,25.88,6.94,9.7,3,8,272.96,0
150000,26.91,9.71,31.23,2,22,112.98,0
327073,26.78,15.92,5.0,4,13,104.41,0
419691,47.5,11.71,51.58,3,21,144.04,0
300266,18.43,9.7,26.45,2,21,152.03,0
645889,38.31,6.99,56.5,3,28,260.58,0
278383,53.27,6.83,14.37,2,33,200.53,0
397194,27.3,5.75,57.07,1,29,126.85,0
465688,24.23,7.29,44.63,2,22,180.78,0
622952,31.54,13.78,92.55,4,26,150.04,1
277696,52.7,8.89,90.28,3,11,123.74,0
589579,37.91,3.25,74.63,5,11,174.42,0
451227,27.03,18.84,46.83,2,34,166.64,0
332218,42.26,11.6,104.63,0,19,126.4,0
505452,18.47,2.97,16.17,1,14,125.65,0
473887,45.22,7.79,19.91,1,29,237.02,0
377973,41.13,10.55,52.91,0,19,209.64,0
458376,30.38,18.52,111.35,0,21,246.06,0
403762,22.42,4.46,49.94,4,24,160.14,0
463622,21.7,14.88,50.42,2,26,103.86,0
529455,43.02,17.0,18.95,4,12,139.83,0
640322,53.43,6.86,78.65,1,19,251.91,0
301462,25.44,8.61,78.83,1,30,67.97,0
705964,41.88,4.82,74.73,1,15,281.13,0
215749,3.69,8.98,39.27,6,3,102.29,0
431785,26.23,9.82,37.33,2,13,234.58,0
520598,34.53,13.3,22.67,2,9,108.57,0
483719,21.35,15.45,57.1,3,13,138.34,0
375276,20.95,6.26,27.99,6,16,35.98,0
425025,24.98,1.0,25.56,4,14,309.77,0
390839,39.38,9.89,44.41,2,8,220.24,0
379276,32.19,11.47,42.77,1,19,224.36,0
551952,1.43,11.25,41.55,2,32,145.5,1
492841,3.19,8.37,66.66,2,35,114.85,0
366850,25.9,10.62,56.98,1,23,234.36,0
557951,41.87,17.58,47.8,0,21,95.78,0
486875,1.0,11.91,59.58,0,18,168.3,0
547543,27.5,8.13,30.21,1,14,92.45,0
525555,27.11,7.5,57.63,2,16,188.68,0
350520,55.83,9.15,58.77,4,24,45.82,0
382778,29.22,18.18,17.42,0,32,76.36,0
539675,40.74,9.08,79.89,4,11,119.81,0
523244,37.12,9.9,32.96,5,11,223.03,0
447491,3.04,7.59,57.26,2,4,142.81,0
464079,46.52,15.49,84.11,1,26,248.85,0
603319,38.23,19.8,78.14,2,5,285.05,0
379011,42.62,12.25,55.86,1,33,158.39,0
515651,93.89,10.41,45.94,1,14,76.51,0
425736,3.74,10.18,78.69,2,32,247.6,0
423878,60.87,1.0,71.87,0,7,72.09,0
581853,30.69,13.73,39.54,0,10,116.77,1
549049,39.31,10.67,35.13,3,2,60.93,0
547621,34.32,12.14,5.0,2,10,247.42,0
606657,28.64,6.44,58.85,2,35,220.05,0
452520,26.45,8.08,52.93,0,21,293.28,0
531834,39.94,7.94,83.4,1,8,149.11,0
412767,12.24,15.11,63.98,0,18,122.32,0
488899,46.26,8.11,88.36,1,9,143.26,0
434382,28.76,20.41,37.57,0,30,86.71,0
461639,18.05,12.15,83.45,2,4,280.01,1
521418,28.25,3.62,41.78,3,35,416.36,0
351813,53.86,9.36,74.44,2,14,129.33,0
701086,26.97,6.74,18.53,5,14,221.49,0
329277,40.38,1.0,60.88,4,20,169.12,0
304297,24.04,18.0,5.38,2,29,210.92,0
588973,46.37,13.52,48.32,1,23,254.18,0
544999,45.28,12.67,66.01,2,21,99.98,0
524894,62.73,10.83,41.98,1,31,146.5,0
525401,32.37,3.09,28.74,2,32,264.22,0
448530,45.03,7.58,76.15,3,7,215.62,0
342329,36.47,14.21,52.41,2,13,202.91,0
459096,54.44,4.74,42.76,0,23,215.68,0
368740,24.22,1.0,56.05,3,8,222.55,0
567014,46.18,8.86,120.92,7,12,261.04,1
432353,32.08,9.29,83.84,2,16,232.76,0
350940,34.04,10.68,84.06,2,26,176.45,0
411433,36.38,13.64,65.89,2,29,204.71,0
499551,38.78,13.19,59.16,2,29,175.28,0
382353,33.26,11.29,5.0,2,6,127.77,0
351333,38.22,15.98,38.03,1,33,176.39,0
479242,58.67,2.41,42.99,1,31,172.03,0
479395,49.78,12.52,8.13,3,18,61.13,0
389166,48.04,13.13,26.06,3,31,234.25,0
393475,28.17,3.8,5.48,2,16,246.11,0
477845,21.66,2.49,54.04,2,14,218.07,0
276229,49.33,6.27,75.47,2,4,241.93,0
281104,48.14,6.69,82.67,0,30,167.69,0
363786,57.09,13.77,65.37,3,33,144.01,0
424386,25.94,6.93,30.92,2,30,246.42,0
487308,31.56,5.72,6.7,2,14,105.89,1
627042,10.41,6.94,11.08,1,23,103.46,1
552919,29.11,15.59,23.28,3,28,211.37,0
430807,49.95,10.07,32.78,5,7,209.45,0
447718,28.0,9.1,51.01,0,10,245.11,0
329696,44.61,9.45,29.65,0,4,60.27,0
447778,32.14,16.46,63.47,1,13,173.16,0
415360,39.86,6.25,49.19,2,21,100.87,0
488726,17.78,16.58,55.26,2,33,239.87,0
350732,36.28,11.05,83.51,1,28,273.36,0
512321,1.0,9.2,25.49,5,23,215.31,0
633928,32.2,22.5,65.47,0,32,140.95,0
436948,10.54,4.72,54.65,1,5,127.6,0
498205,53.09,8.23,46.66,2,26,151.17,0
532817,46.66,3.84,77.13,2,26,121.12,0
401853,42.0,14.76,76.98,3,3,168.85,1
476891,57.82,18.45,31.34,0,24,127.44,0
451511,20.77,18.35,50.45,2,34,83.28,0
461721,61.21,16.12,62.03,0,34,206.65,0
357238,48.98,9.01,48.17,1,20,212.05,0
452941,31.45,8.17,69.63,4,30,298.96,0
509759,52.03,1.64,62.03,6,20,149.68,0
624137,18.41,20.18,100.81,0,18,47.69,1
565112,22.63,12.34,16.74,3,20,237.07,0
708381,25.87,7.54,51.94,0,6,244.94,0
357918,27.07,16.64,32.29,0,25,259.94,0
554678,19.15,5.14,70.1,1,3,282.99,1
472001,53.35,12.03,14.57,4,19,283.99,0
712776,31.12,9.14,63.66,3,10,111.63,1
353004,40.29,13.19,39.25,0,5,288.37,0
349233,26.44,9.68,36.65,0,22,157.04,0
378072,7.69,2.75,18.84,0,9,235.89,0
195132,39.05,10.38,43.37,2,33,198.16,0
386909,6.32,15.24,82.11,4,15,111.91,1
358904,33.97,9.85,54.37,2,24,261.23,0
468047,14.48,13.88,70.69,3,30,148.07,0
491010,64.81,4.77,96.62,0,6,310.11,0
675140,48.67,9.87,61.59,3,15,126.57,0
564050,36.59,6.88,41.03,5,22,109.69,1
380771,53.96,13.73,66.68,2,3,133.6,1
342190,22.31,10.16,41.39,4,29,284.66,0
509030,43.15,13.45,42.39,2,29,70.3,0
291572,38.0,15.44,17.0,3,31,243.91,0
669775,38.96,13.46,78.16,1,2,308.27,1
591532,54.09,11.37,45.35,1,35,168.14,1
393698,45.99,5.01,59.55,1,9,152.48,0
244423,39.33,9.99,29.1,5,22,185.59,0
612464,10.18,7.33,65.9,2,19,101.43,0
436255,20.6,8.28,35.95,3,10,365.38,0
598537,33.16,8.13,51.46,0,21,226.89,0
258668,36.4,5.1,76.95,1,17,94.56,0
378074,18.05,1.0,74.77,3,3,123.5,0
450629,71.18,6.66,54.45,2,7,192.54,0
455637,57.75,10.97,10.8,1,3,89.39,0
395992,44.03,3.26,129.82,1,13,74.7,1
524741,36.08,10.08,98.65,1,30,200.56,0
321885,31.82,19.5,73.07,1,23,250.42,0
432914,20.72,15.12,36.17,1,7,244.07,0
464435,36.16,18.22,52.16,2,30,175.82,0
511732,38.87,11.96,41.41,2,29,160.78,0
535393,16.37,15.84,86.6,0,8,183.62,0
315042,40.01,6.38,61.56,1,10,249.45,0
265906,32.67,6.78,35.4,1,33,92.03,0
603321,6.38,1.0,43.23,4,20,125.58,0
489877,22.09,15.93,83.03,1,29,153.56,0
360181,28.8,17.7,95.0,1,29,163.04,0
636138,63.32,7.23,93.21,0,21,176.19,1
463880,43.35,8.73,73.93,0,1,178.26,0
591515,14.97,6.23,48.68,1,34,227.18,0
458102,42.29,11.91,5.0,4,32,56.6,0
697289,11.79,15.62,62.43,1,14,67.9,0
660640,51.24,1.29,54.95,1,35,133.44,0
420124,27.93,12.05,58.5,1,24,240.45,0
566588,33.6,8.62,56.35,1,1,134.36,1
527445,54.89,10.57,21.84,1,6,177.12,0
614235,15.69,12.29,68.94,0,4,188.97,1
334209,14.04,9.06,70.81,1,1,202.13,0
532326,26.25,9.48,72.06,1,31,289.52,0
577010,50.58,8.93,78.66,3,9,228.63,0
238951,12.21,14.85,70.1,5,23,249.82,0
308008,1.0,12.09,44.75,7,31,171.12,1
205292,28.23,11.1,53.23,5,29,283.15,0
417671,43.28,3.65,57.28,0,21,185.01,0
536105,53.0,8.11,57.69,3,3,43.13,0
630282,28.05,14.49,79.96,4,26,352.09,0
458891,28.83,10.19,71.09,1,6,183.23,0
645433,52.31,13.3,106.93,1,20,217.08,0
284387,6.95,18.83,110.16,4,13,105.2,1
245594,29.17,15.19,56.99,1,23,333.8,0
443334,37.86,10.47,5.0,0,15,124.47,0
496087,41.74,7.45,85.92,1,31,153.03,0
446076,27.35,1.0,41.49,2,4,72.96,0
201906,35.52,9.16,34.96,0,11,205.52,0
439305,1.0,8.37,45.04,3,2,160.29,0
293463,25.13,11.95,43.83,2,16,71.95,0
530360,41.8,9.23,70.31,5,31,175.27,0
493991,20.27,8.4,16.01,3,4,186.64,0
337214,35.88,1.1,28.06,3,28,162.68,0
388335,41.7,5.3,63.58,1,16,52.54,0
322894,29.86,12.38,70.57,2,25,200.36,1
442478,37.56,18.58,71.04,4,13,91.27,0
564617,20.56,9.51,35.32,2,5,242.25,0
331712,31.9,11.64,30.54,1,30,141.12,0
510485,44.15,14.76,42.33,2,1,244.93,0
386369,37.35,5.95,61.0,5,5,180.99,0
354855,26.2,11.83,92.14,3,14,184.58,0
437156,38.36,6.3,5.0,1,11,269.34,0
325770,45.72,14.32,49.48,4,34,122.93,0
383562,4.25,10.76,21.68,0,29,103.3,0
306254,52.39,11.49,13.69,2,18,218.9,0
685767,29.96,6.09,79.17,2,15,88.02,0
454231,41.38,13.54,68.62,2,25,124.09,0
366032,52.96,20.42,66.24,5,30,69.46,0
475677,14.42,4.96,78.03,1,2,260.63,0
436520,24.36,8.3,43.01,1,27,109.81,0
423483,30.67,11.16,44.18,1,15,134.2,0
523700,23.24,13.93,109.64,1,32,89.7,0
540900,61.02,7.2,48.84,2,20,153.02,0
386339,22.15,1.0,73.38,3,14,169.99,0
380901,26.67,16.8,55.16,3,27,237.82,0
416993,38.07,13.8,8.79,2,3,87.46,0
173769,16.97,1.29,5.0,1,3,137.94,0
268177,29.06,6.96,40.53,1,13,279.59,0
614024,39.76,17.84,81.4,4,25,252.87,1
647396,30.01,17.24,74.71,2,18,132.55,0
420115,33.6,14.69,77.85,1,1,176.54,0
519186,27.06,9.12,30.32,1,5,317.76,0
487350,12.28,10.41,95.4,5,2,96.42,1
819465,39.82,9.35,30.88,1,30,45.51,0
584348,61.32,15.64,60.32,2,17,142.47,0
434649,35.28,5.62,54.74,4,29,174.16,0
335335,38.38,5.97,50.65,2,4,123.85,1
257226,45.39,15.05,88.46,2,9,248.38,0
474415,15.96,9.78,37.37,1,21,194.75,0
359237,60.54,16.89,21.26,1,12,137.69,0
279329,38.03,6.64,55.5,1,12,142.27,0
372411,59.48,9.73,45.0,2,4,127.76,0
320214,24.0,5.39,139.43,2,28,238.08,0
652456,62.27,10.04,71.91,0,9,146.92,0
555796,46.63,2.61,44.77,3,32,96.5,0
449043,43.3,7.56,28.6,3,13,247.33,0
627593,38.51,2.82,7.99,1,34,160.65,0
459284,31.27,13.47,29.37,3,19,84.81,0
346645,53.01,13.58,57.87,4,14,299.9,0
632774,37.11,1.35,90.68,4,5,222.74,1
514669,5.49,16.67,83.04,2,27,183.24,0
325530,18.24,22.49,60.73,1,28,165.17,0
427159,32.21,10.23,46.92,0,26,160.38,0
344925,39.65,6.79,61.72,3,10,158.95,0
284064,34.15,24.12,42.03,2,24,160.85,0
561141,53.28,3.41,97.96,0,17,138.72,1
679129,5.73,10.1,50.27,5,16,172.77,0
282171,37.15,10.9,52.84,4,17,137.34,0
517556,7.73,16.73,5.0,1,1,195.64,0
371922,46.4,11.8,50.11,4,21,178.36,1
391544,33.58,7.51,75.91,3,22,130.97,0
378912,41.29,5.24,28.31,4,5,173.92,0
346321,22.04,8.29,36.23,3,21,218.01,0
455822,54.19,4.97,74.82,1,9,22.05,0
350285,50.63,10.24,18.08,3,27,220.47,0
482454,43.75,7.18,81.45,2,12,94.15,0
443971,33.06,2.53,41.7,2,18,147.88,0
421326,43.7,16.28,45.29,2,35,10.0,0
341092,24.4,7.51,26.9,1,15,219.6,0
380787,47.83,3.66,64.45,5,30,128.18,0
540646,59.74,9.16,116.5,4,33,145.01,0
510110,51.06,10.34,74.54,1,30,186.35,0
332693,24.06,1.27,33.39,3,26,42.04,0
461919,40.42,11.66,83.39,3,21,184.34,1
540166,15.6,4.76,47.08,4,31,225.38,0
249671,43.59,18.56,89.36,1,17,192.19,0
515203,41.76,12.62,75.17,1,17,152.43,0
370485,6.95,8.0,5.0,2,34,182.88,0
518471,17.57,6.27,29.9,1,24,174.72,0
358408,30.75,9.48,78.61,1,33,233.1,0
233414,30.49,13.06,58.79,0,4,267.85,0
254694,16.86,9.87,29.41,2,9,151.24,0
455770,40.83,8.91,39.16,2,2,196.21,0
481166,38.77,10.29,7.34,1,35,133.27,0
341482,32.09,6.98,52.79,1,15,209.17,0
526631,23.66,8.28,110.27,3,3,212.21,1
250617,50.73,1.0,75.12,2,31,168.32,0
442070,59.83,14.87,109.76,1,23,216.33,0
304678,27.75,11.49,77.06,1,12,180.22,0
371779,25.82,6.13,80.69,1,8,176.64,0
455687,42.37,19.49,104.35,2,21,118.37,0
346750,29.63,10.44,64.43,4,21,192.04,1
403853,32.91,4.82,50.32,1,32,139.55,0
570755,46.09,14.28,80.82,0,17,240.88,1
380772,6.36,11.99,91.35,1,24,120.98,0
550283,54.77,11.97,43.0,2,8,198.82,0
314435,36.09,7.87,36.96,0,18,161.76,0
513576,28.83,12.25,58.47,3,11,198.64,0
622988,33.66,8.69,75.79,1,10,175.92,0
153402,34.44,12.78,74.95,1,26,122.74,0
354372,9.03,1.0,19.4,7,6,256.56,0
519248,57.42,7.83,102.79,1,17,117.9,0
425634,35.62,18.61,38.97,1,23,224.98,0
494537,41.65,6.16,48.37,0,28,61.11,0
377521,49.27,6.98,32.43,5,16,159.78,0
460390,19.68,7.76,122.46,1,12,287.04,0
431318,42.1,3.93,61.05,2,21,160.72,0
590133,30.99,1.0,33.73,0,24,186.75,1
480530,47.7,8.85,76.6,2,28,292.18,0
490512,3.09,10.68,74.23,2,21,170.0,0
400574,33.51,9.74,50.31,4,33,198.13,0
391487,25.96,9.28,76.02,2,2,222.32,0
398093,41.48,10.22,34.37,2,19,83.42,0
497334,42.05,15.11,42.68,2,28,146.01,0
399481,24.39,9.05,5.0,0,15,189.09,0
484772,24.32,7.13,21.9,5,1,68.29,0
699048,33.34,8.59,100.19,1,28,275.89,0
554534,21.55,12.9,96.04,6,35,232.95,1
410877,47.63,17.06,56.64,3,32,222.52,0
594145,29.46,6.86,96.57,3,28,272.4,0
401030,1.0,10.49,51.0,2,9,230.63,0
205425,29.38,11.69,48.91,1,24,163.91,0
329029,19.42,5.04,56.41,5,4,65.74,1
225504,10.53,10.1,51.88,0,3,132.32,0
407818,16.44,2.67,49.62,2,22,134.34,1
452210,36.64,1.15,83.58,3,25,223.32,0
651172,54.93,11.83,58.75,1,22,185.66,0
489231,39.7,8.08,72.81,2,34,70.42,0
423707,25.9,11.01,80.78,1,20,240.56,0
549528,41.84,9.91,64.7,2,27,273.06,0
184663,28.11,5.12,30.74,1,32,283.29,0
478273,24.58,9.77,21.18,1,29,100.91,0
542503,17.68,3.83,58.72,4,32,202.51,0
272569,8.72,16.95,50.72,3,24,109.55,0
587250,29.15,3.22,57.18,3,3,315.74,1
490619,37.37,9.02,54.6,1,27,182.14,0
400165,33.55,4.79,119.59,1,9,154.09,0
525933,28.76,12.85,21.74,3,23,141.2,0
722483,20.81,8.34,5.25,5,7,203.38,0
471823,44.12,7.41,63.31,1,17,216.09,0
479786,15.24,14.27,45.59,5,7,64.64,1
394876,46.64,10.15,62.9,1,30,277.78,0
348018,19.97,12.58,69.6,2,13,212.96,0
549640,23.71,5.09,87.1,2,18,277.22,0
347269,13.0,2.98,17.32,1,31,299.75,0
458587,27.48,10.54,41.08,2,22,173.04,0
392681,49.63,8.41,65.72,2,14,239.98,0
507477,42.73,13.13,74.26,2,18,139.7,0
490039,49.68,9.6,109.84,2,35,147.26,0
574504,42.83,11.03,78.89,3,17,290.07,0
388798,18.44,1.88,53.58,0,19,128.26,0
417615,30.04,19.44,32.74,4,31,193.75,0
332548,23.3,9.18,40.89,1,15,116.46,0
396684,54.96,13.49,40.18,0,29,134.11,0
495276,17.05,5.82,71.38,1,16,144.64,0
540838,48.41,11.54,61.42,0,33,281.3,0
339340,48.39,3.49,21.91,1,25,215.96,0
554352,62.44,12.26,44.1,1,16,238.93,0
612676,28.85,8.22,76.94,2,30,53.52,0
499612,45.68,10.15,63.79,2,34,182.43,0
675215,69.22,13.49,69.22,0,2,153.23,1
357145,25.74,3.84,64.57,2,18,214.46,0
300641,11.97,6.58,95.66,2,5,348.46,1
236553,6.8,12.29,60.9,3,6,12.66,0
629525,45.69,20.49,45.35,5,12,207.96,0
528523,6.75,9.31,32.11,2,12,334.33,0
443329,29.42,12.96,61.24,1,12,144.31,0
483596,41.56,9.47,5.0,2,9,190.49,0
314941,37.78,19.71,50.39,0,22,227.36,0
743490,41.38,1.26,49.85,5,16,29.09,1
465506,38.33,10.47,20.89,1,4,198.63,0
463127,54.18,1.87,31.79,1,3,124.42,1
537091,20.72,1.0,75.24,1,16,323.34,0
507721,24.85,11.49,60.77,2,14,165.48,0
476866,23.41,10.7,57.54,1,4,130.28,0
355143,47.45,8.58,62.66,3,2,239.26,0
506576,48.51,9.47,57.32,4,10,214.16,0
675842,41.77,25.49,86.07,2,11,242.72,0
611450,52.75,8.71,58.09,2,26,313.73,0
641182,17.33,12.55,18.54,2,26,139.04,1
388654,60.01,6.75,95.75,2,4,300.33,0
331247,57.85,11.48,64.26,1,26,311.42,0
434905,46.03,8.81,40.27,2,28,126.2,0
456686,61.73,7.95,23.66,2,2,132.98,0
581302,10.15,19.09,64.9,2,2,183.31,1
246904,27.13,15.89,52.07,5,16,166.02,0
633546,23.97,10.68,94.35,2,23,299.63,0
431039,45.82,1.0,46.35,3,23,119.53,0
398774,19.25,8.19,34.07,0,13,197.13,0
328547,46.36,23.52,77.39,2,21,126.42,0
251417,55.56,8.85,78.13,2,25,187.59,0
548780,45.43,15.52,59.22,1,13,329.92,0
458798,39.26,17.21,71.91,2,15,307.61,0
295204,20.18,11.09,54.06,1,28,206.5,0
294590,22.3,5.79,60.85,2,3,224.08,1
409705,53.74,1.0,84.12,4,23,213.0,1
650282,46.69,13.42,70.63,3,4,158.72,1
418849,34.41,5.93,50.77,1,3,314.16,1
269622,28.73,10.88,88.81,3,8,272.37,0
420510,4.61,3.75,5.0,3,25,196.41,0
417273,18.94,8.67,106.3,4,12,164.82,1
150000,63.67,10.17,12.35,3,5,169.36,1
443484,15.79,11.34,39.32,1,33,203.71,0
422287,37.84,4.43,53.98,2,25,177.55,0
533544,50.11,15.98,51.34,2,25,259.77,0
671874,16.18,7.02,80.16,2,35,213.53,0
585187,37.77,1.63,28.55,3,15,113.24,0
417733,49.07,9.45,61.52,2,26,99.74,0
317216,35.19,10.17,40.54,0,10,249.36,0
758803,78.03,10.8,62.38,1,24,99.06,0
457106,9.97,16.81,53.38,1,35,155.6,0
451671,50.88,8.82,57.32,1,29,149.23,0
447104,32.41,9.4,41.25,1,5,93.31,0
473770,46.58,4.48,42.25,3,24,201.71,0
432676,41.62,14.1,62.18,0,19,171.33,0
381160,24.0,10.92,78.59,2,9,135.35,0
384376,38.43,7.9,40.04,1,26,325.96,0
446069,7.13,1.0,33.28,2,25,10.0,0
384789,44.05,17.22,70.34,1,35,119.56,0
364458,39.47,3.86,54.19,1,14,139.63,0
462771,44.58,7.04,75.76,1,6,84.91,0
419402,50.87,11.79,32.36,2,32,338.05,0
630479,40.51,4.02,10.51,2,26,337.31,0
150000,37.22,2.53,41.67,2,15,132.09,0
580980,21.78,1.0,35.84,2,31,268.81,0
599530,24.32,13.6,53.03,1,19,221.76,0
201193,52.8,7.27,39.08,1,14,295.93,0
408877,56.55,24.64,73.53,2,11,172.5,0
405427,31.43,5.03,47.8,2,27,210.21,0
281098,35.69,5.39,58.76,3,2,278.18,0
356661,21.43,7.17,58.94,2,22,267.47,0
316730,52.59,11.22,59.87,1,2,190.61,0
660272,44.98,7.65,54.4,2,20,114.02,0
562281,64.12,13.06,67.77,2,17,126.57,0
602586,21.83,5.11,35.11,2,4,50.56,0
536600,29.33,3.09,89.99,2,14,235.11,0
314513,38.47,1.01,49.09,2,7,194.85,0
387057,44.7,1.0,22.21,1,15,200.25,0
508724,31.76,7.41,59.7,0,30,178.24,0
303344,21.91,8.5,33.72,1,16,99.97,0
535559,48.22,6.84,71.63,5,2,201.88,0
421160,45.82,16.22,110.24,4,19,222.37,0
405021,21.26,16.14,35.34,3,1,119.23,0
535315,55.33,8.33,63.31,2,31,178.02,0
503311,52.55,1.03,11.11,2,4,134.62,1
406684,37.01,7.17,66.35,2,27,164.91,0
589119,36.19,7.0,32.86,2,25,100.52,0
320272,43.31,6.71,39.38,0,22,161.23,0
523912,22.07,6.51,27.47,1,10,293.92,0
521172,35.45,6.73,73.3,1,33,144.87,0
412854,2.71,8.07,80.18,0,30,132.34,0
489135,48.15,6.82,55.58,4,30,136.73,0
299866,11.58,11.04,33.39,2,16,166.68,0
560883,57.55,11.8,94.74,0,9,305.46,1
427811,30.05,5.45,36.24,2,17,278.4,0
387273,31.82,16.36,5.0,0,35,169.96,0
575881,25.58,5.1,66.46,3,15,135.0,0
365478,30.68,1.91,27.38,2,28,56.73,0
280984,56.28,11.9,79.72,1,20,116.21,0
263204,1.0,5.91,45.47,1,33,41.78,0
522721,54.15,11.61,70.09,3,33,231.81,0
296348,40.07,1.0,90.04,3,13,273.49,1
660575,16.89,16.96,24.78,3,4,153.73,0
200168,18.87,13.36,40.85,0,23,206.87,0
653574,60.15,2.5,53.11,0,8,103.77,1
475322,20.82,2.61,93.44,3,13,44.21,0
438394,17.7,18.36,38.54,3,24,183.9,0
384609,52.06,6.31,40.14,1,30,206.83,0
497896,40.08,5.83,66.95,4,30,299.28,0
445483,20.93,1.0,40.57,0,25,324.42,0
582396,38.25,8.25,58.81,1,33,160.5,0
463707,19.61,8.86,16.21,3,9,243.85,0
468036,51.51,13.58,110.36,2,26,202.06,0
406366,50.92,3.0,21.31,2,24,180.16,0
443166,42.98,2.4,46.96,1,33,177.38,0
486936,40.42,12.25,54.19,4,25,169.85,0
244779,61.42,15.03,102.82,2,15,172.87,0
288217,35.0,2.14,21.88,2,6,295.96,0
539191,17.27,15.41,104.59,1,20,195.02,1
470503,41.74,10.19,73.93,4,16,301.93,0
427921,66.29,15.46,65.43,5,21,117.12,0
452212,19.78,9.65,30.38,2,15,10.0,0
491709,29.58,1.0,69.28,2,4,147.6,0
385228,41.25,9.24,36.91,0,24,121.48,0
356603,34.19,15.3,86.67,3,3,75.45,1
473501,20.27,5.53,30.72,2,1,271.05,0
332595,51.83,8.06,52.17,5,30,86.45,0
498990,69.8,9.12,41.12,6,13,220.8,0
245689,37.94,1.0,30.31,3,18,320.99,0
573498,21.44,18.36,73.53,3,11,99.51,0
506711,11.77,5.49,68.39,3,29,163.83,0
480723,38.87,12.53,85.23,2,4,274.69,1
567922,51.56,9.57,10.5,3,25,150.92,0
649856,42.13,16.29,81.6,2,28,203.27,1
571724,34.96,12.03,117.64,0,8,224.75,0
229095,26.16,8.83,43.71,2,21,192.15,0
296450,18.62,5.53,102.38,2,35,148.62,0
375021,47.52,13.99,48.42,2,18,125.34,0
453130,48.71,1.0,20.69,2,25,103.37,0
512119,11.81,13.23,47.36,1,5,221.76,0
362910,58.85,4.5,81.21,2,8,133.95,0
472412,43.61,16.26,34.05,5,23,263.72,0
359354,55.99,10.81,39.99,1,3,291.24,0
376617,14.87,13.22,69.84,0,31,99.02,0
281200,14.51,10.41,55.08,2,29,231.67,0
339212,32.77,1.24,69.62,0,20,324.13,0
287797,42.54,5.7,60.95,3,3,120.13,0
332895,61.95,13.36,66.99,2,23,264.04,0
576437,45.59,10.83,44.19,3,21,219.34,0
336072,31.36,15.9,60.79,4,13,247.23,0
765885,19.6,12.02,31.82,1,8,127.05,0
509198,53.45,5.17,87.21,1,5,313.36,0
472180,20.53,6.02,39.14,1,25,133.12,0
346997,59.43,10.51,83.22,2,5,224.85,0
534037,30.73,1.0,49.16,1,8,175.57,0
380923,58.86,18.37,60.05,3,4,217.57,0
464641,45.18,12.21,42.63,4,22,111.16,1
757210,32.95,16.14,29.6,2,14,94.08,0
438472,27.21,2.1,11.38,3,19,200.09,0
587912,29.89,16.22,28.62,1,13,154.29,0
365618,41.42,21.16,46.9,1,35,151.91,0
445801,36.16,3.4,60.3,4,4,218.14,0
662496,26.09,13.86,80.26,3,33,75.37,0
374763,32.52,10.01,43.86,1,22,264.48,0
667493,36.18,2.28,32.95,3,1,188.37,0
534930,3.07,12.46,18.93,2,11,233.4,0
382503,41.87,14.17,67.0,2,16,216.91,0
525888,20.3,6.99,89.58,4,4,220.77,1
566706,17.7,15.83,86.66,2,29,96.11,0
524617,9.69,1.67,72.75,2,24,261.53,0
261573,8.09,2.53,70.96,4,9,199.1,0
362743,14.67,10.68,97.44,4,8,146.75,0
420297,24.36,10.13,63.3,2,14,171.23,0
441067,64.3,6.42,71.15,1,15,205.35,0
524480,27.11,14.05,46.98,1,22,192.62,0
471324,37.67,12.65,20.95,2,15,221.81,0
289758,41.01,14.29,37.9,2,6,295.74,0
495623,36.97,9.38,54.77,2,1,107.44,0
523270,33.84,13.01,56.52,2,20,232.52,0
517174,17.07,7.77,103.16,2,2,172.49,0
579693,56.76,20.27,57.03,2,6,259.98,0
550070,62.11,5.94,84.47,2,2,293.8,1
505101,9.76,20.53,44.12,2,3,193.73,0
441580,19.64,10.17,47.21,6,7,223.46,0
250684,30.8,3.12,21.77,2,20,265.12,0
501554,20.53,16.84,36.44,1,5,249.88,0
474922,42.59,10.63,68.17,3,25,267.97,0
482589,24.08,14.26,55.19,1,18,159.13,0
296790,67.48,16.12,78.57,5,1,143.82,0
320273,52.86,11.69,59.53,2,25,100.47,0
576378,38.19,7.04,46.19,1,17,166.33,0
445253,50.4,14.88,108.71,2,15,174.11,0
531780,51.59,10.0,52.65,1,5,169.95,0
453398,26.54,13.43,84.08,0,17,214.46,0
453570,22.76,1.0,44.97,5,21,216.28,0
562594,36.17,12.23,72.74,3,23,175.42,0
388074,47.92,6.81,78.2,1,10,204.27,0
461534,37.09,18.27,60.21,4,17,237.87,0
394526,11.35,13.12,5.0,0,1,124.08,0
397860,22.96,11.2,55.46,2,7,245.33,0
412899,33.89,12.43,85.76,0,12,137.2,0
476656,33.87,5.01,68.19,4,1,280.74,1
392550,64.59,18.12,66.15,4,20,191.64,0
600690,14.21,19.96,11.94,2,31,184.49,0
342647,42.58,11.96,36.99,2,4,54.72,0
427575,57.34,17.95,65.28,3,26,226.05,0
397232,69.07,7.15,65.26,1,12,186.65,0
623637,28.93,6.01,85.37,4,22,192.19,1
473586,42.37,10.2,51.38,0,1,173.48,0
573821,43.55,12.17,65.15,2,1,223.76,0
271732,37.93,8.03,55.41,0,3,237.78,0
482046,33.52,12.69,30.33,0,12,213.88,0
556755,41.54,11.53,5.0,6,21,272.19,1
459874,1.0,5.01,65.78,2,13,129.65,0
577857,45.23,12.59,59.35,1,13,138.5,0
387925,36.89,14.32,39.55,2,18,208.47,0
619121,31.66,10.86,14.52,4,33,226.32,0
725867,65.7,15.76,70.74,1,6,216.17,0
406459,24.88,3.91,48.35,5,25,89.87,0
396539,28.95,12.34,68.92,1,23,95.82,0
624406,64.87,4.15,101.6,0,24,167.06,0
639548,22.52,4.43,5.0,1,26,54.75,0
387256,26.75,6.85,37.51,1,4,198.26,0
399577,32.79,5.29,49.77,0,35,174.76,0
416185,47.61,7.26,91.37,4,11,115.99,1
288665,38.12,8.93,14.09,1,25,141.38,0
339761,15.61,14.19,103.4,2,20,187.68,0
329503,27.02,8.39,58.4,4,1,75.45,0
357864,25.89,2.07,52.6,2,30,137.76,0
445837,33.84,15.7,50.05,4,4,161.56,0
478105,41.39,5.81,44.09,2,23,159.01,0
636060,41.27,9.71,81.2,4,35,161.03,1
330197,8.36,12.23,28.29,4,22,275.13,0
568118,50.96,11.0,63.64,3,31,246.4,0
424321,38.79,15.47,45.4,3,1,134.98,0
444064,55.77,12.4,35.95,1,4,107.4,0
530978,41.66,5.69,119.65,1,19,151.07,0
315273,51.52,20.89,65.48,3,30,265.9,0
495889,42.0,10.97,70.33,2,1,31.09,0
469974,55.19,9.26,83.44,3,19,185.85,0
509094,42.83,14.82,19.47,1,21,158.44,0
484700,33.53,11.25,98.81,2,22,263.89,0
744636,69.09,12.0,5.0,2,2,248.68,1
373471,48.34,22.46,35.78,2,6,77.23,0
386280,43.61,8.62,43.52,1,21,263.77,0
375223,15.86,8.41,69.54,2,33,16.64,0
383342,15.68,10.58,60.47,2,19,222.86,0
373513,39.39,15.36,50.83,1,27,229.14,0
592681,37.18,2.47,54.7,2,29,297.96,1
620460,25.79,1.0,30.55,4,28,195.91,0
381510,37.11,7.06,17.57,3,34,133.49,0
350117,58.83,1.83,73.16,0,1,109.41,0
506569,45.43,7.88,72.34,4,25,282.22,0
383733,17.88,12.51,94.61,2,21,298.8,0
525951,33.33,5.55,35.25,2,34,148.61,0
474350,22.93,2.87,72.32,2,26,181.55,0
268110,29.18,10.35,47.91,3,35,275.43,0
635700,28.8,14.31,84.76,0,23,233.83,0
665505,27.84,1.53,80.55,1,17,166.93,0
376465,16.17,14.1,60.28,1,12,126.82,0
403475,33.09,14.09,46.51,1,20,121.11,0
484303,26.59,14.77,79.02,2,27,246.73,0
490134,1.0,16.09,71.17,1,20,154.31,0
529025,65.79,21.01,37.89,1,11,151.54,0
691224,51.33,8.22,21.81,1,28,222.83,0
428766,29.36,10.55,47.79,3,2,185.64,1
354204,35.28,7.92,92.89,0,24,207.26,0
284481,17.43,10.01,83.66,1,16,157.32,0
362288,60.44,17.66,27.19,1,12,154.41,0
446024,63.46,3.27,25.81,3,16,128.59,0
665346,37.35,5.69,86.87,4,2,229.63,1
387886,50.35,16.89,26.61,1,25,185.95,0
476854,37.63,15.1,67.73,2,29,200.52,0
448029,14.95,8.18,39.6,4,28,108.62,0
592607,28.82,14.27,95.43,2,10,228.7,1
753231,36.98,11.71,35.74,0,23,201.85,0
386295,28.18,17.5,83.58,0,32,231.12,0
391267,31.72,10.37,59.62,2,31,204.16,0
575299,33.63,15.13,61.3,4,19,200.02,1
531826,33.79,23.21,5.74,0,15,52.59,0
671604,35.78,12.99,5.0,0,33,259.64,0
520071,19.09,10.25,49.49,0,17,87.57,0
406884,24.24,13.61,61.17,2,20,252.6,0
520878,15.73,8.17,26.87,1,9,174.9,0
583044,49.67,21.94,27.78,3,3,67.53,0
548457,3.42,10.9,69.04,1,2,173.97,0
510872,52.3,8.64,69.07,3,18,74.98,0
578000,55.8,5.82,51.56,2,23,257.56,0
590315,30.47,15.49,74.51,1,19,143.9,0
615859,1.0,14.34,25.64,2,7,107.12,0
527845,29.58,7.51,46.1,2,35,226.26,0
429945,34.04,12.88,96.2,1,20,177.04,0
467605,19.84,2.46,56.71,3,20,216.41,0
594781,27.27,10.92,58.16,1,19,172.03,0
351967,57.95,12.26,112.65,1,16,260.97,0
494240,44.97,18.54,20.02,1,21,151.89,0
402799,21.13,6.15,74.91,0,29,69.69,0
453449,11.04,3.61,96.6,2,24,103.4,1
603414,30.09,5.52,46.88,2,29,210.46,0
472931,31.8,3.32,76.49,1,31,133.95,0
455572,42.44,16.68,30.45,2,12,269.84,0
286817,26.97,17.74,37.83,0,30,98.05,0
539550,42.67,11.6,64.62,3,4,251.28,0
527458,64.03,16.11,74.96,2,30,149.69,0
709590,47.23,10.67,83.02,1,5,271.53,0
413066,34.28,9.52,94.24,3,16,215.39,0
476298,32.25,8.33,53.31,1,27,193.48,0
479926,29.65,8.45,84.84,2,4,226.51,1
639294,52.71,2.26,46.44,2,8,265.87,0
438564,25.59,11.32,77.55,0,8,176.44,0
483482,35.68,9.8,60.19,6,17,48.61,0
522947,35.77,13.73,66.14,2,3,264.0,0
472393,27.47,10.47,65.59,0,27,161.01,0
396427,14.41,9.19,14.88,3,34,359.19,0
473290,39.84,5.64,26.9,1,21,137.81,0
578835,34.08,10.36,57.56,1,24,153.34,0
326818,42.5,13.69,12.82,2,29,232.11,0
465956,27.0,4.28,75.78,2,6,233.31,0
365985,53.31,10.44,76.79,1,14,209.58,0
593405,21.85,11.17,63.18,3,14,140.81,0
267217,60.68,6.41,26.97,0,24,98.79,0
382929,8.79,7.06,89.5,4,13,132.6,1
495265,41.52,11.15,105.93,0,1,73.83,1
637862,42.13,4.33,58.68,4,12,324.44,0
442109,23.07,11.75,67.76,0,24,108.28,0
383376,41.37,5.52,60.04,0,20,159.42,0
675738,54.19,15.31,68.26,1,6,228.47,1
276238,1.75,21.69,52.01,2,12,180.37,0
186143,42.54,5.7,54.14,2,21,138.61,0
502801,1.0,12.67,77.64,3,3,169.6,0
389753,20.52,6.37,113.64,3,27,137.4,0
327452,59.44,15.2,20.0,3,17,162.19,0
535002,26.27,3.67,52.4,0,15,207.34,0
479256,17.39,12.4,25.49,1,4,107.43,0
382310,32.03,5.64,94.8,1,17,255.63,0
296363,66.02,8.97,40.31,1,11,185.09,0
554694,7.52,4.84,18.92,1,12,139.16,0
528024,19.23,14.11,70.95,1,32,157.91,0
438098,57.46,5.82,98.61,3,27,261.72,0
671596,62.87,12.76,71.59,2,27,237.29,0
321589,33.45,8.28,60.12,5,29,196.8,0
266936,16.41,9.43,65.23,1,9,137.97,0
366971,66.44,10.74,90.37,2,3,219.78,0
444529,58.92,6.19,33.15,1,29,180.99,0
479200,45.18,11.05,52.2,0,21,302.2,0
421051,22.81,17.65,43.68,2,35,177.37,0
492246,34.26,6.11,25.8,1,10,297.87,0
299815,32.59,15.86,46.79,1,23,193.64,0
623251,39.96,17.49,82.69,2,25,107.42,0
440141,56.77,5.92,69.17,2,24,410.77,0
584075,48.19,2.72,71.11,2,20,78.71,0
491127,18.84,11.51,58.66,4,15,41.63,0
504810,55.65,7.26,68.08,1,21,34.77,0
518372,39.7,19.34,34.99,1,12,371.78,0
503725,45.31,10.17,47.26,3,18,328.68,0
527126,57.0,5.99,59.8,3,23,190.08,0
609498,18.33,4.26,61.94,2,29,210.39,0
473582,34.46,15.45,63.0,2,5,197.56,0
535080,27.03,7.14,51.54,1,26,56.05,0
439231,11.48,10.22,45.56,4,11,282.12,0
622814,40.2,14.78,133.94,2,11,272.95,0
368832,72.67,7.58,77.67,5,18,93.82,0
666112,7.4,9.77,65.33,3,12,202.8,0
445181,34.52,9.92,49.17,3,16,174.86,0
278306,44.61,13.42,43.72,1,27,165.22,0
465372,36.85,12.95,51.73,4,17,132.46,0
368273,33.3,8.9,62.32,0,21,172.14,0
550877,15.51,10.32,7.99,1,31,143.12,0
371685,38.49,8.14,15.77,2,35,254.5,0
396457,23.65,2.61,39.08,0,27,178.07,0
223255,2.15,11.29,60.18,2,23,131.52,0
395723,52.92,19.46,49.02,1,32,178.24,0
159134,49.38,5.58,91.95,2,17,170.11,0
259931,35.77,6.13,17.94,6,11,167.16,1
541249,38.44,5.65,36.22,3,1,227.4,0
544296,51.11,13.62,93.0,3,28,160.64,0
501054,38.37,12.24,58.28,2,18,140.02,0
333962,48.56,9.21,77.12,3,20,84.79,0
444274,30.54,5.41,106.28,2,7,179.4,0
449567,54.68,10.46,37.65,1,16,267.17,0
310996,39.81,2.18,52.52,4,23,171.33,0
630407,37.91,10.72,48.19,4,32,144.87,0
555283,15.95,14.36,6.14,5,17,126.99,0
423484,39.3,3.74,47.24,0,19,59.33,0
453226,22.52,2.34,77.03,1,34,262.35,0
475005,25.43,17.9,68.51,0,14,213.93,0
204991,22.77,6.94,70.48,1,3,233.87,0
420338,19.01,15.68,45.61,1,25,197.57,0
368161,66.87,9.23,38.6,1,11,123.62,0
329805,54.97,9.19,86.73,0,15,157.82,0
416267,63.81,12.19,42.57,3,19,144.96,0
665722,16.66,5.58,62.35,2,15,150.82,0
526901,36.07,10.66,59.08,0,15,151.25,0
381458,15.6,8.09,91.54,1,15,257.33,0
518709,24.56,3.4,79.29,2,9,321.52,0
617922,21.23,11.69,22.62,7,5,118.94,1
560956,53.59,8.68,25.31,5,19,168.16,1
457155,29.06,9.21,69.47,3,24,195.17,0
372367,51.03,3.95,53.39,0,29,111.37,0
533786,44.06,17.96,43.62,1,5,183.7,0
497218,69.55,14.38,80.39,2,22,204.61,0
557423,12.81,14.82,59.69,1,13,174.54,0
526220,53.89,8.47,56.31,1,29,223.89,0
575946,52.2,1.35,74.5,1,16,180.02,0
385771,20.4,19.76,45.62,5,17,10.0,0
608087,50.11,9.69,94.21,2,20,112.76,0
473711,40.04,6.26,35.3,1,14,280.27,0
699031,31.59,12.08,71.42,3,6,216.42,1
367297,22.64,15.84,90.85,5,22,10.0,1
658315,24.21,9.88,20.57,1,9,74.29,0
473749,65.75,16.39,46.42,3,32,230.53,0
371829,35.01,15.41,83.56,1,24,139.67,0
391933,46.73,4.62,83.93,3,33,10.0,0
411558,23.14,6.63,50.71,5,13,254.16,0
500899,23.3,14.79,36.63,2,35,230.67,0
512740,51.23,1.0,78.9,1,6,121.95,0
381155,14.76,9.25,84.59,0,30,267.15,0
447077,28.77,2.85,25.88,1,16,124.6,0
707072,35.51,7.62,24.9,3,1,136.4,0
657305,36.67,8.51,60.63,4,18,146.0,0
502358,32.31,8.21,70.73,1,22,47.32,0
454560,40.94,7.24,47.52,5,26,208.89,0
464403,45.39,4.51,71.98,2,14,216.41,0
523622,46.02,21.46,37.25,3,14,147.9,0
327264,20.21,19.34,5.0,1,26,229.44,0
419114,30.74,4.19,44.4,3,23,68.62,0
249769,52.92,17.91,56.58,1,2,228.03,0
497906,48.42,8.0,48.1,5,7,202.78,0
527663,14.41,10.65,26.03,4,22,131.65,0
392017,40.27,9.68,9.61,2,28,208.99,0
638878,5.33,6.7,42.15,3,20,118.29,0
302908,35.7,14.92,77.44,1,18,257.36,0
274275,63.47,10.63,86.4,2,24,216.89,1
476934,20.78,7.62,84.69,1,33,205.45,0
575651,22.49,3.48,34.6,5,26,147.63,0
652071,46.46,5.53,26.16,1,19,234.26,0
394933,11.86,1.79,67.42,2,13,264.26,1
579441,25.51,10.06,70.88,0,10,292.48,1
445378,43.95,4.02,65.0,1,14,141.83,0
429284,25.49,8.67,5.0,0,9,237.3,0
556039,31.46,16.85,33.33,3,11,277.68,0
528278,46.16,16.0,54.26,0,3,162.99,0
260832,41.32,9.84,67.18,4,12,278.38,0
627184,39.0,9.56,74.18,1,35,191.12,0
615610,29.91,19.4,58.61,2,32,108.69,0
374932,40.55,12.6,63.27,2,14,130.3,0
497496,33.14,8.36,57.12,2,1,78.96,0
509283,41.87,2.87,72.14,1,27,177.28,0
481280,27.55,11.97,62.82,2,1,168.79,0
383963,32.26,14.15,56.64,0,29,193.19,0
369405,20.15,6.84,48.29,5,24,275.32,0
446933,34.47,11.46,57.03,4,17,178.85,0
590727,22.83,8.18,67.11,4,35,161.3,0
515232,18.29,9.08,61.69,1,31,166.03,0
405526,38.88,1.0,64.52,1,32,50.27,0
542603,38.19,8.89,88.57,3,19,227.84,0
150000,46.74,14.85,61.63,1,31,169.44,0
587851,28.53,6.84,38.78,3,20,185.62,0
241234,41.12,10.26,77.09,0,28,165.95,0
406507,43.26,6.22,20.85,1,3,188.92,0
315639,41.67,11.8,27.96,3,32,88.18,0
294638,22.62,8.92,63.4,2,22,179.92,0
589299,37.24,5.3,67.91,3,15,137.72,0
393875,40.46,16.66,23.87,2,19,182.45,0
491580,35.11,14.64,45.43,1,31,108.95,0
444369,3.7,6.98,39.85,2,26,213.5,0
507244,37.41,12.49,42.83,1,5,181.5,0
459218,68.19,12.69,78.59,1,20,89.32,0
296040,29.6,13.21,72.66,3,2,246.24,0
569552,24.08,1.53,54.52,6,21,144.0,1
390749,40.6,15.03,41.35,1,28,154.9,0
263210,39.69,7.15,21.26,2,20,235.88,0
398626,52.89,8.21,90.5,5,11,255.14,0
630091,16.13,23.19,69.8,2,3,147.39,1
552026,45.97,11.51,37.33,0,20,187.8,0
408161,43.86,8.07,72.99,4,32,227.74,0
408089,32.87,1.0,53.24,1,25,268.43,0
411403,40.08,16.95,47.82,1,21,186.21,0
699209,50.44,3.27,65.88,0,16,213.02,1
495832,48.08,4.98,36.46,1,1,116.02,0
501604,17.85,8.34,46.41,3,23,74.14,0
573634,47.3,17.08,58.04,3,24,218.84,1
478654,34.03,13.87,42.51,2,25,123.52,0
418914,36.09,9.21,71.73,0,7,115.3,0
426438,36.1,11.54,101.73,2,35,224.9,0
441407,32.75,7.0,36.14,1,14,169.68,0
445533,52.88,10.7,13.37,3,9,195.93,0
537315,33.74,10.37,5.0,0,3,90.17,0
456233,18.21,14.84,51.24,1,20,116.23,0
537916,29.1,14.84,38.42,3,33,294.14,0
440314,37.68,12.47,60.2,4,32,133.94,0
459436,53.44,8.19,58.31,0,26,165.77,0
210215,44.05,13.71,14.92,2,5,196.62,1
559959,22.24,9.54,9.63,1,30,105.1,0
491578,72.28,4.59,62.4,1,17,274.7,0
569761,38.97,7.98,58.39,2,6,180.53,0
150000,54.13,10.42,44.35,1,15,163.45,0
700604,32.72,14.55,13.57,4,1,254.77,1
433249,43.0,9.08,66.78,3,13,243.83,0
582981,47.59,3.95,86.8,3,34,317.69,0
325211,53.27,10.28,61.95,3,30,149.41,0
523532,50.86,10.57,33.81,4,19,333.53,0
323590,48.08,10.93,56.11,1,2,225.23,1
375147,30.27,14.6,20.85,3,12,298.33,0
679683,26.42,15.09,81.45,3,24,249.01,0
427118,39.99,7.03,57.05,3,11,135.06,0
476091,49.0,6.92,10.8,4,2,121.64,1
554408,31.66,4.8,47.48,1,1,53.71,0
509481,50.98,13.49,66.58,1,28,39.26,0
468050,56.79,17.24,46.67,0,4,137.14,0
493795,21.26,8.42,48.1,6,30,268.69,0
738409,22.45,8.79,24.39,0,7,145.13,0
443085,32.89,17.33,69.16,1,22,132.65,0
474131,39.61,12.53,38.79,3,26,228.97,0
576078,27.13,12.18,5.0,1,29,119.69,0
582663,55.28,4.05,45.72,2,25,308.84,0
592443,41.36,13.39,79.53,1,10,161.68,0
526647,35.59,5.35,45.33,1,20,245.15,0
312839,13.46,4.33,98.45,2,14,166.0,0
646011,15.26,8.27,65.72,2,33,181.72,0
312438,39.22,7.07,63.47,2,5,258.9,0
486316,3.01,8.89,51.79,2,6,196.05,0
359486,50.19,2.8,53.29,2,22,284.57,0
442303,32.63,14.79,48.41,2,17,125.17,0
489451,83.65,15.64,47.44,4,15,89.07,0
488562,69.62,1.0,68.27,1,28,57.55,0
500630,32.28,14.89,31.6,1,2,267.85,0
643645,33.4,5.95,28.1,2,18,243.11,0
504424,49.93,14.28,26.92,2,27,161.41,0
420701,60.55,9.66,106.14,3,21,200.91,0
565690,10.43,10.14,68.26,2,23,254.86,0
592736,8.2,9.07,62.61,1,7,166.68,0
302687,25.67,16.06,28.56,3,19,56.8,0
521688,43.74,3.8,70.58,5,9,57.69,1
534140,42.45,13.04,52.09,2,12,103.37,0
414292,51.05,15.51,60.35,3,30,187.15,0
615084,17.0,13.58,30.58,1,7,114.09,0
431993,1.0,21.62,59.01,4,2,252.34,0
465069,47.87,7.36,44.4,3,17,90.85,0
429231,22.58,14.79,35.86,2,11,131.46,0
451869,4.72,9.47,73.35,3,12,52.51,0
318446,37.18,16.17,16.56,2,3,148.84,0
277193,46.9,9.96,69.12,1,21,180.5,0
641340,33.17,8.06,72.11,1,14,255.44,0
348364,28.13,16.53,33.01,3,15,188.4,0
331032,32.61,7.54,34.49,4,10,231.86,1
191593,29.44,2.94,49.42,5,10,250.36,0
373324,14.78,7.42,62.05,3,17,207.46,0
291229,24.28,13.1,51.18,2,25,117.24,0
647041,42.82,16.96,65.84,0,27,208.32,0
571178,39.83,10.56,99.07,3,33,284.15,0
367421,37.52,16.59,42.31,3,11,157.95,0
720292,20.07,3.21,12.12,3,13,218.83,0
567811,32.28,7.78,75.65,1,1,217.02,1
411020,2.34,8.56,97.08,2,31,154.17,0
150071,37.68,9.43,64.82,3,33,245.61,0
724913,56.43,10.42,27.81,1,21,153.07,0
283251,12.89,13.45,51.9,4,16,211.71,0
252552,26.21,7.78,27.04,2,23,163.24,0
572708,39.94,10.7,71.07,2,10,183.05,0
742770,53.79,9.77,21.22,2,33,245.35,0
616112,28.28,5.37,47.5,1,22,43.71,0
517669,24.62,9.43,29.89,2,6,223.19,0
521370,5.47,9.28,58.17,1,10,229.5,0
552409,36.55,9.17,45.84,5,16,139.76,1
541071,65.63,10.16,59.42,3,13,177.81,0
483742,39.16,10.38,55.56,1,20,111.67,0
462504,34.67,7.84,30.33,2,4,124.07,0
442488,39.83,16.36,70.67,3,20,198.97,0
359524,34.83,4.15,53.78,3,22,363.76,0
416318,22.8,6.4,30.29,5,29,226.48,0
246845,47.35,23.9,111.02,1,16,120.62,1
438199,38.39,4.81,66.91,0,23,234.31,0
331369,35.26,3.23,51.17,0,30,220.66,0
317569,20.37,13.67,90.38,4,30,59.12,0
471587,54.55,1.0,101.05,0,3,157.89,0
617040,44.97,8.82,51.37,1,24,170.02,0
560197,26.71,20.73,63.68,1,13,188.27,0
261539,50.03,2.28,30.3,2,32,177.79,0
331244,27.54,1.0,51.32,1,12,190.34,0
562892,23.27,2.5,50.02,3,8,114.54,0
332101,23.6,14.49,59.62,4,24,157.24,0
423044,8.43,15.62,63.32,2,16,161.39,0
516006,42.07,7.44,69.0,3,32,261.2,0
333798,7.53,13.42,60.94,2,34,131.18,0
462645,16.57,16.95,24.73,2,35,162.89,0
289916,3.87,18.94,31.54,2,32,155.08,0
377835,33.71,8.77,41.34,2,17,291.12,0
488373,32.75,1.0,47.94,4,2,226.56,0
258840,30.1,5.9,81.27,1,26,114.64,0
502856,19.36,7.87,25.93,1,17,207.82,0
447643,17.42,8.71,46.06,1,2,109.19,0
516298,41.97,9.06,78.83,5,8,198.24,1
476869,26.74,15.59,47.5,4,6,275.62,0
613696,39.75,16.37,66.51,1,9,43.06,0
465026,21.72,9.14,51.51,2,1,109.43,1
398471,37.72,15.49,61.42,4,5,190.91,0
464675,54.55,11.79,49.29,0,9,152.28,0
515195,43.79,10.32,71.68,3,14,194.98,0
455863,28.81,14.53,16.37,3,27,174.17,0
454871,38.86,10.36,45.92,3,9,62.34,0
365760,31.39,20.29,62.41,4,29,223.54,0
370451,35.12,2.81,68.34,2,20,86.56,0
281687,30.12,7.42,92.32,2,15,194.39,0
659949,32.53,9.37,45.22,1,3,148.18,1
300736,38.18,12.2,91.99,3,23,348.07,1
366851,20.1,16.34,38.52,3,9,171.54,0
363791,19.76,9.88,88.22,2,30,204.57,0
557390,14.17,2.89,75.44,2,19,218.78,0
414606,11.0,14.21,32.16,2,3,203.63,0
599729,16.74,13.77,62.68,5,3,178.13,1
369181,37.39,1.0,53.72,3,34,110.66,0
483479,21.61,9.98,70.64,2,2,172.17,0
349758,42.7,2.05,49.42,3,27,49.39,0
707417,35.52,6.68,47.32,4,23,214.13,0
307488,5.47,5.49,89.23,3,32,384.43,0
487178,44.82,14.05,52.53,1,35,192.37,0
526053,47.16,10.58,75.66,0,18,203.77,0
499655,20.09,3.57,49.37,7,27,71.37,0
427765,41.3,14.4,96.67,2,11,122.88,0
434421,22.15,2.83,38.04,4,19,242.64,1
455257,36.47,11.65,39.65,0,25,78.69,0
432359,16.03,5.93,93.11,1,7,129.04,0
565665,8.1,8.17,43.88,2,31,219.75,0
715262,29.26,12.52,95.03,1,2,236.64,0
383100,33.14,12.61,77.3,0,5,172.37,0
285623,29.03,16.68,51.13,1,14,188.59,0
439406,17.24,9.59,9.67,1,18,188.43,0
759565,29.0,11.53,54.52,0,4,93.66,0
353559,39.04,7.81,57.54,2,24,174.87,0
646694,34.33,10.91,84.18,3,13,196.93,0
651324,37.74,12.2,94.71,2,21,173.81,0
383569,24.95,9.51,37.88,8,33,45.21,0
518277,52.58,1.0,75.03,1,20,287.5,0
645407,17.36,11.66,74.14,1,5,103.46,1
404504,42.31,11.82,81.84,5,24,185.05,0
425570,52.73,6.6,67.47,2,35,202.53,0
380198,42.21,3.58,6.44,1,30,148.16,0
328229,31.96,17.38,51.11,2,28,197.12,0
372086,27.08,12.46,26.11,2,7,125.73,0
303127,50.54,8.85,49.93,3,35,330.3,0
454090,13.66,4.31,79.5,3,30,161.76,0
357603,20.45,5.89,62.63,1,34,242.93,0
478054,29.04,16.51,83.7,1,9,103.52,1
263292,53.56,10.69,63.54,4,12,230.49,0
489705,40.7,7.25,22.54,3,29,129.8,0
550023,20.48,12.55,5.0,2,10,82.48,0
210751,30.35,5.93,58.72,3,27,105.44,0
494886,25.79,17.5,49.65,3,19,120.65,0
597320,24.35,16.76,30.58,1,13,187.8,0
304843,49.68,7.67,12.48,3,32,381.31,0
650708,14.42,6.86,36.63,0,15,371.5,0
500282,59.13,1.0,50.14,1,21,157.47,0
365398,47.42,2.59,71.65,3,3,247.16,0
443307,51.36,3.3,59.72,0,8,92.24,0
516999,28.06,10.68,95.2,2,6,32.72,0
459120,32.75,8.37,29.11,3,29,182.14,0
514650,13.5,3.27,77.03,4,19,218.24,0
339519,27.13,8.59,56.18,1,17,234.83,0
470323,42.4,12.53,72.37,3,10,255.58,0
280354,54.44,12.64,44.09,0,33,156.87,0
436652,18.39,1.0,81.79,1,13,185.04,0
341531,29.52,9.36,62.38,1,27,237.49,0
361736,32.73,3.08,38.01,3,12,263.54,0
598331,14.06,14.51,54.7,2,2,116.5,1
580957,43.87,13.92,49.01,0,10,194.75,0
523096,24.14,5.51,67.23,2,21,225.47,0
318922,32.07,6.17,25.51,2,23,190.33,0
412030,28.22,7.69,54.27,4,1,136.46,1
595571,23.16,1.0,64.88,3,33,180.22,0
467006,34.89,11.68,55.83,5,26,217.08,0
728319,31.77,8.64,88.67,2,15,126.75,0
497198,29.42,14.85,74.35,4,22,96.19,0
473045,24.07,4.51,54.81,3,25,324.17,0
412906,39.79,6.9,60.42,5,1,193.13,0
466024,59.8,2.47,62.39,0,26,245.68,0
431703,37.1,4.98,65.08,1,21,194.66,0
534973,49.94,4.09,9.36,2,24,253.52,0
564804,14.15,14.98,47.46,2,16,185.54,0
355681,37.37,6.51,17.89,1,32,221.1,0
290252,18.54,10.62,86.96,3,16,102.33,0
229655,12.85,8.1,53.48,6,13,56.44,0
510958,23.91,3.65,50.17,5,32,146.65,0
317596,52.88,9.16,77.42,0,24,80.19,0
191653,49.25,13.0,65.56,2,13,31.81,0
496629,38.65,3.96,26.78,0,11,201.12,0
749159,12.01,14.05,53.23,3,15,56.14,0
449271,32.06,5.75,46.62,1,10,246.46,0
550618,39.53,7.59,11.39,4,3,280.88,0
459819,37.63,12.65,37.74,2,16,78.99,0
438133,7.34,6.68,50.41,3,17,200.21,0
560289,21.65,10.19,52.13,0,25,310.06,0
415167,34.04,8.43,17.94,2,30,146.96,0
482087,43.04,10.65,83.79,2,35,222.76,0
488603,2.06,1.0,52.45,1,13,347.5,0
369829,32.57,1.0,55.94,4,24,62.6,0
569045,37.15,13.08,65.02,1,26,108.65,0
429004,47.74,15.19,35.3,1,9,219.49,0
359310,45.39,5.45,66.41,1,19,332.07,0
514381,43.74,8.78,45.82,3,28,130.21,0
342183,23.0,11.47,32.59,2,7,350.5,0
453381,6.38,13.47,69.34,0,22,189.24,0
448905,29.1,1.0,92.29,6,30,42.29,1
580307,50.02,5.57,73.12,2,16,291.33,0
506963,55.9,8.34,78.07,1,5,147.55,0
446996,45.66,13.52,41.98,1,29,211.4,0
548131,41.44,22.49,15.06,4,23,63.86,1
616824,40.69,8.86,92.25,4,6,127.27,1
516937,26.66,2.97,106.36,2,33,75.22,0
451242,33.05,12.01,93.57,5,16,67.79,1
292579,60.04,16.6,46.61,1,34,186.86,0
322186,20.86,10.54,26.13,0,26,219.67,0
413373,59.22,5.47,28.36,4,13,141.73,0
376858,30.17,14.79,12.91,7,17,79.4,0
427563,54.88,13.32,52.32,3,32,90.67,0
456797,13.9,4.87,95.14,2,32,206.01,0
513563,43.79,11.91,51.46,1,28,187.75,0
441540,23.95,14.99,62.56,2,29,207.17,0
508380,13.77,15.91,89.39,1,25,289.09,0
457736,38.28,9.67,44.9,1,22,220.27,0
212944,50.14,8.21,105.89,3,27,208.63,0
337279,22.33,16.14,104.8,3,20,345.81,1
432709,12.51,3.95,51.72,6,24,160.77,0
304836,33.62,12.19,40.56,3,8,346.86,0
521991,33.69,3.15,72.43,1,14,279.67,0
633690,43.22,15.33,46.31,4,14,159.15,0
596251,49.24,8.71,26.09,3,5,236.34,0
424386,34.11,16.34,87.03,2,21,164.94,1
628887,62.83,12.46,85.41,7,15,79.45,1
467840,38.36,3.88,58.89,1,33,179.44,0
409549,29.8,17.12,23.43,0,17,77.3,0
376391,10.83,17.76,24.26,1,20,196.31,0
413703,31.06,14.41,57.68,2,1,236.03,0
403418,29.95,6.19,42.5,5,16,164.82,0
470449,49.4,8.47,46.47,1,18,196.17,0
469268,41.94,10.73,80.55,2,10,195.01,1
450365,17.31,6.48,73.33,1,23,239.1,0
502432,37.58,18.46,89.45,2,18,186.26,0
592877,45.07,10.72,30.23,1,9,157.97,0
563946,57.92,1.0,46.42,0,30,235.93,0
271812,48.31,11.7,73.97,1,13,191.1,0
150000,46.41,8.26,66.2,4,31,30.51,0
562118,35.9,9.63,93.31,0,13,155.48,0
285974,40.82,8.16,65.51,2,32,143.8,0
423028,53.74,14.04,101.2,3,17,190.32,0
309586,15.01,15.6,68.5,1,3,182.8,0
233762,29.76,11.42,81.55,2,1,43.47,1
514975,23.41,8.3,46.91,3,5,75.58,1
541098,40.69,9.79,55.36,4,32,113.3,0
380818,53.45,10.1,77.77,3,25,184.51,0
150000,26.05,5.99,95.32,5,5,255.17,0
384450,1.0,12.89,73.23,1,23,67.74,0
497016,28.82,12.3,52.92,2,12,132.95,0
272530,48.7,17.7,89.43,2,34,176.61,0
472003,43.06,16.28,5.0,2,23,114.8,0
448162,41.42,6.57,19.44,3,16,186.12,0
519514,30.8,14.1,72.04,2,5,224.82,0
464349,15.81,5.25,55.35,2,28,127.02,0
333231,42.73,13.48,70.14,5,6,202.93,0
593588,22.49,7.42,56.61,2,13,171.98,0
430976,67.76,4.88,69.27,2,30,99.56,0
446723,43.56,11.4,34.64,3,26,170.14,0
338007,26.29,1.0,69.26,1,17,211.97,0
396806,25.83,1.25,79.86,3,9,278.96,0
343823,33.61,9.11,85.51,1,16,295.1,0
429246,31.41,10.41,105.34,2,18,140.26,0
655405,51.75,8.15,61.1,2,13,136.04,0
285371,37.8,2.1,61.85,2,29,182.83,0
256372,24.03,5.91,16.92,2,24,142.01,0
626540,63.36,11.96,41.71,5,13,264.91,0
424881,35.74,12.91,50.17,3,25,187.05,0
369711,46.53,9.92,81.26,0,1,183.87,0
574788,25.88,15.78,39.72,1,9,225.03,0
377326,40.45,11.99,74.91,1,4,191.19,0
669121,39.67,6.26,54.96,0,28,201.37,0
531351,6.66,8.6,50.57,2,12,198.42,0
391450,65.23,2.99,61.22,4,24,169.88,0
708876,54.36,9.46,45.22,3,9,116.83,0
377314,29.04,15.56,44.27,0,35,303.13,0
539051,18.47,13.43,12.38,1,35,116.6,0
485915,40.21,17.01,48.8,3,33,295.8,0
606208,36.3,8.49,43.0,3,35,203.9,0
637381,40.34,16.73,42.1,2,20,137.89,0
453840,37.87,9.03,65.42,1,2,218.84,0
359589,42.59,17.36,71.47,1,26,235.01,0
505196,56.71,9.89,60.8,0,13,300.27,0
368674,43.52,13.54,79.89,3,30,87.9,0
691606,19.26,17.38,69.39,2,32,170.2,0
466384,55.44,9.03,47.62,2,19,276.4,0
406161,59.61,11.09,43.43,3,22,232.26,0
472161,82.28,16.44,62.82,1,1,214.02,0
288344,18.15,9.33,69.34,1,11,283.49,0
333406,38.64,3.4,89.95,3,26,167.4,1
594049,3.77,20.72,84.78,3,19,12.14,0
371172,43.3,7.65,41.46,3,19,154.34,0
324370,26.78,10.79,52.45,1,12,320.82,0
514398,63.85,15.78,71.78,0,3,200.89,0
592284,23.38,6.96,81.7,3,18,121.03,1
536274,9.66,4.96,78.47,2,5,273.39,0
569525,27.93,11.27,53.4,2,24,239.14,0
359184,5.37,1.03,23.65,3,14,190.29,0
279382,46.27,8.56,30.03,2,3,220.96,0
630160,4.02,11.23,61.82,6,6,108.79,0
411278,35.43,8.65,63.56,1,12,154.65,0
419900,3.83,2.28,27.53,3,11,175.45,0
609383,30.2,17.97,56.11,3,26,256.94,0
516747,59.65,10.52,70.78,1,1,141.59,1
504706,40.41,17.16,26.22,1,16,178.2,0
709800,22.05,8.7,82.62,1,9,280.87,1
372777,34.53,5.6,45.56,1,5,356.7,0
561340,35.27,11.35,86.44,3,8,119.06,1
456841,42.09,8.92,41.66,2,21,189.8,0
482231,14.5,4.11,29.33,2,33,74.44,0
633416,43.89,17.35,43.55,0,20,178.98,0
510940,1.0,6.89,52.62,1,22,159.69,0
514595,25.55,1.0,45.29,5,13,267.57,0
578700,27.68,16.64,49.6,0,11,97.9,0
406205,44.5,7.48,63.35,2,18,88.3,0
349294,35.34,6.96,50.72,5,30,286.47,0
324622,13.92,1.17,53.35,1,33,135.68,0
214037,20.23,18.7,12.27,1,3,193.82,0
696744,37.98,3.55,64.79,2,1,200.65,0
317614,33.81,10.29,52.77,1,6,124.89,0
423449,26.31,14.56,95.26,0,29,124.96,0
416782,27.79,12.11,31.51,3,11,258.88,0
486888,45.44,9.7,9.79,0,13,227.4,0
547888,27.23,1.49,70.45,1,11,178.9,0
553256,33.68,5.95,63.66,2,25,170.42,0
380030,67.55,10.94,29.79,2,15,202.16,0
429945,13.64,6.06,16.76,0,13,206.75,0
483909,7.22,11.02,93.43,3,33,268.28,0
420157,46.75,13.41,90.35,2,13,178.54,0
642881,24.82,14.81,5.0,0,24,211.01,0
508916,30.23,3.87,43.54,3,20,230.27,0
538185,23.28,20.98,96.6,3,17,231.5,0
529545,31.1,13.84,43.1,2,24,281.48,0
590816,58.98,9.99,42.73,4,26,179.12,0
471722,47.03,15.45,47.93,1,32,140.39,0
294380,47.93,21.83,26.98,2,29,154.94,0
497962,13.76,2.81,12.38,3,14,224.86,0
371837,17.73,8.87,81.31,2,22,172.43,0
386565,1.0,1.0,8.93,4,34,340.08,0
520363,22.86,10.96,61.18,1,27,180.88,0
598593,49.35,11.83,77.16,1,28,113.15,0
452552,42.75,9.8,18.72,5,22,202.59,1
487059,31.68,6.73,31.89,3,3,287.72,0
654265,34.67,1.0,85.33,2,22,122.9,1
478890,24.67,11.87,68.32,5,21,120.88,0
762201,38.07,17.28,39.57,4,16,166.92,1
517861,46.49,7.04,85.06,4,9,134.79,0
238708,10.76,12.2,85.16,5,13,85.48,0
540400,39.49,2.16,61.73,3,10,72.14,0
495739,48.99,12.29,32.5,3,21,196.27,0
604770,28.77,8.03,44.66,1,7,230.05,0
530781,45.51,6.19,62.16,5,22,130.92,0
433385,77.22,6.2,50.29,8,18,175.06,0
303084,33.43,8.03,78.47,0,21,192.95,0
424917,40.9,11.91,16.76,2,14,102.63,0
347937,23.93,3.44,17.64,0,10,240.12,0
380337,37.72,8.01,59.52,0,33,194.83,0
520629,41.9,9.79,42.71,2,9,216.71,0
650388,37.92,4.5,39.32,0,18,227.6,0
497360,19.7,18.98,10.8,2,13,349.8,0
306494,38.1,5.73,55.49,2,17,108.28,0
503352,56.93,6.65,53.68,3,23,117.51,0
593595,41.73,5.11,71.34,1,25,297.8,1
376826,49.43,18.99,56.72,1,16,225.66,0
433917,31.44,12.76,51.68,0,24,184.83,0
451762,46.25,5.32,84.43,4,31,146.53,0
355812,39.19,15.53,22.19,1,11,163.77,0
527793,20.74,11.0,68.41,1,23,165.13,0
435486,39.78,11.29,13.22,2,22,75.35,0
500343,20.12,8.28,34.04,0,33,248.12,0
343500,25.51,6.25,24.68,2,18,39.25,0
397505,37.84,11.69,74.55,2,14,120.57,0
536685,39.46,7.27,53.36,2,28,149.78,0
405260,17.16,19.08,54.66,0,11,330.04,0
657235,50.81,3.65,27.33,4,24,172.94,1
402043,43.58,17.68,47.51,5,19,202.15,0
476962,24.43,9.44,35.91,2,13,118.58,0
561910,11.94,11.5,64.59,1,33,240.81,0
279796,32.83,14.17,30.22,1,19,386.63,0
238702,28.31,6.85,88.24,2,32,214.41,0
266921,36.7,14.32,13.11,1,15,156.51,0
601510,29.55,1.0,34.84,2,11,37.78,0
383777,4.89,6.4,96.93,3,23,228.56,0
756983,29.17,5.38,44.12,2,5,110.98,1
382290,30.42,3.73,22.13,2,22,127.1,0
472146,44.5,8.93,60.48,1,18,245.22,0
635053,24.53,11.93,43.12,5,7,146.85,1
690731,60.18,13.51,34.1,0,33,173.41,0
697380,6.33,11.2,27.6,3,3,232.49,0
595003,54.67,6.67,124.21,0,28,130.58,0
572887,31.64,11.85,48.71,2,1,89.77,0
521103,47.89,10.62,6.86,3,22,212.5,0
543403,36.2,14.68,92.34,2,19,232.8,0
383857,52.09,13.88,70.28,2,14,139.57,0
351816,29.19,10.15,35.84,2,3,136.1,0
449595,18.52,5.51,31.67,3,19,102.99,0
429577,56.31,6.74,71.84,2,33,229.94,0
395612,33.3,7.25,48.83,0,21,314.32,0
533566,38.32,8.42,6.85,1,1,245.21,0
564636,53.52,11.34,99.68,4,26,173.62,1
460608,19.52,13.58,44.15,2,10,230.15,0
627303,43.93,9.74,92.39,2,35,121.77,1
312997,26.15,10.08,86.96,1,13,205.79,0
426760,33.02,10.72,29.97,1,6,104.03,1
363981,36.08,7.42,80.83,2,6,171.45,0
226015,12.5,5.37,38.71,1,35,255.3,0
440078,23.32,1.22,8.33,1,16,236.84,0
435390,55.27,6.52,44.39,3,8,219.79,0
631613,48.29,12.37,64.94,3,3,209.14,1
525697,34.06,6.49,43.43,1,5,128.47,1
327097,38.65,8.81,47.32,3,21,189.97,0
672491,30.59,12.33,83.59,3,31,234.83,0
596524,55.35,12.6,57.66,2,14,162.98,0
519851,31.99,4.6,33.92,1,19,165.68,0
422821,38.48,14.99,72.55,3,20,147.08,0
334867,52.19,15.64,59.94,2,2,160.05,0
405335,23.34,4.35,5.0,2,7,125.87,0
580649,58.38,5.88,65.71,2,33,181.69,0
676150,12.04,15.96,64.8,3,6,157.58,0
635189,59.44,9.27,55.5,1,7,76.8,0
391338,29.41,1.0,77.29,3,18,362.07,0
315645,31.36,3.0,38.19,1,29,107.38,0
466906,6.65,8.75,63.41,5,19,170.57,0
237787,28.18,4.18,15.83,2,25,184.28,0
488780,19.4,7.93,65.18,1,4,142.56,0
432287,25.89,10.16,103.83,2,13,173.72,0
394075,32.94,17.31,30.13,2,32,122.7,0
258635,49.37,8.55,36.0,1,27,230.9,0
511632,38.11,15.36,37.25,0,34,178.44,0
386075,39.62,17.14,58.25,2,28,230.29,0
309609,18.57,17.17,28.42,3,9,282.89,0
150000,21.79,11.42,65.53,1,8,160.31,0
446698,61.98,1.0,76.17,2,21,234.14,0
662670,23.97,12.3,68.36,4,30,287.54,0
649351,59.84,15.24,10.79,2,29,171.36,1
395148,31.35,9.59,79.88,2,9,228.38,0
377734,35.03,18.72,78.43,2,13,147.43,0
506252,51.06,14.3,75.75,2,18,263.8,0
330193,54.08,12.84,64.32,3,22,145.01,0
486215,33.34,15.43,60.5,2,31,229.21,0
541929,29.18,11.67,80.81,1,35,249.66,0
597231,34.16,1.0,103.09,2,10,97.47,1
437981,40.07,7.5,31.17,2,9,133.33,0
425559,48.37,15.99,81.95,1,31,130.5,0
344642,35.06,5.96,52.84,2,24,255.6,0
350774,44.28,8.88,51.76,0,8,97.73,0
422822,59.58,4.78,16.59,4,20,202.8,0
494083,40.72,18.92,47.88,3,17,230.85,0
559630,39.67,18.41,30.07,2,28,191.86,0
353618,12.22,5.58,43.4,5,6,269.23,0
629122,1.0,10.74,27.55,4,33,45.28,1
417465,40.83,6.6,43.78,2,28,222.55,0
447435,33.58,13.07,44.85,1,1,167.28,0
360334,27.28,12.55,57.42,0,35,74.64,0
159091,38.65,14.06,14.63,0,24,104.32,0
556085,34.09,11.66,18.86,2,6,289.56,1
538421,51.92,24.68,64.05,0,7,224.26,0
416240,36.29,4.86,35.06,4,9,236.13,1
458038,23.8,1.45,81.86,1,16,247.13,0
511912,49.85,8.03,60.63,2,34,85.02,0
262494,31.74,2.16,70.17,3,35,197.2,0
386513,42.9,2.54,90.27,2,35,256.89,0
545311,27.84,4.99,47.26,5,20,151.82,0
299485,25.25,5.39,40.64,1,23,275.37,0
485226,36.26,5.23,76.79,0,35,137.12,0
287210,35.19,12.59,67.74,3,23,188.73,0
505971,42.2,7.47,50.32,2,4,207.83,0
445723,30.97,9.1,89.79,3,10,232.82,0
256184,7.45,14.47,49.69,2,11,159.86,0
589768,28.51,6.17,55.82,0,9,250.85,0
361849,46.91,8.68,55.53,2,12,209.96,0
352769,30.54,11.83,31.64,1,17,65.28,0
474068,31.3,1.0,56.94,3,32,308.56,0
587836,49.8,1.0,89.92,3,23,112.95,1
328101,24.32,11.73,66.12,1,15,314.33,0
457401,11.86,12.46,55.78,0,28,168.96,0
501457,32.59,20.32,50.96,3,5,155.93,0
533172,27.74,10.79,63.27,1,18,207.95,0
471172,20.51,14.1,73.74,6,21,131.1,0
405956,32.37,9.02,70.23,2,15,47.99,0
350689,42.37,11.49,46.7,1,3,172.35,0
460337,34.86,18.34,63.12,2,26,206.25,0
321343,39.6,1.0,67.0,2,15,287.64,0
150000,62.2,12.07,29.82,0,20,96.6,0
502387,29.86,20.68,59.21,3,21,220.62,0
558472,39.18,11.41,5.0,1,26,172.73,0
166448,27.36,18.25,67.06,2,23,182.31,0
328832,22.3,6.85,71.51,2,25,248.04,0
524298,26.23,9.84,73.69,3,4,144.2,0
696899,27.82,10.17,45.12,1,10,191.73,0
452495,40.39,1.0,62.73,1,22,256.3,0
362639,70.24,4.16,90.6,2,3,252.07,0
428052,24.26,4.52,90.34,1,19,94.58,1
614985,28.75,14.11,54.27,3,31,137.09,0
372484,34.05,14.36,58.48,1,9,169.94,0
354096,40.94,11.62,82.77,4,29,236.98,0
392070,38.95,14.12,17.48,0,7,162.42,0
335600,54.26,9.18,46.92,2,24,185.79,0
464720,1.0,16.01,88.39,5,8,267.52,0
644961,1.0,10.04,79.38,3,34,156.29,1
488769,27.56,10.29,64.23,3,26,283.12,0
419717,51.46,8.67,17.35,2,28,67.62,0
414982,11.52,13.42,53.75,4,28,152.51,0
262417,1.0,7.89,40.25,3,7,84.44,0
555973,43.57,14.88,63.28,0,3,188.17,0
440659,38.65,4.34,34.77,1,22,232.57,0
428342,18.65,4.51,29.36,6,18,168.71,1
833172,20.22,13.44,5.0,4,12,146.79,0
485850,20.45,9.56,85.55,5,31,84.83,0
359785,36.66,7.73,45.01,3,5,297.69,0
398837,25.61,14.45,58.93,3,29,178.43,0
587813,42.41,6.96,54.94,0,14,148.35,0
463592,1.0,9.0,28.31,2,18,289.38,0
277406,22.15,17.0,23.52,2,7,155.36,0
560307,18.11,17.7,29.87,3,23,116.27,0
369822,31.15,17.86,36.92,1,33,130.28,0
674795,26.93,8.59,64.17,5,16,119.99,0
579605,46.97,16.15,35.11,7,25,105.38,0
396321,7.11,5.26,98.66,3,9,131.46,0
603721,35.68,5.47,80.68,2,28,349.05,0
458142,43.38,1.0,75.21,4,9,99.51,0
552332,62.85,18.36,52.01,1,12,75.55,0
508167,27.77,5.68,92.86,0,18,199.46,0
348437,39.87,9.37,49.55,2,27,174.68,0
372774,7.94,5.45,54.22,2,26,226.2,0
573595,1.0,13.48,59.25,0,26,141.21,0
409826,47.67,8.12,72.55,2,10,119.2,0
401562,34.92,3.48,70.92,0,17,297.16,0
335385,52.68,12.21,43.12,1,32,67.18,0
500831,14.4,2.83,41.68,0,24,205.24,0
697502,42.8,5.81,71.0,2,8,228.32,0
321896,63.03,1.0,72.88,1,30,237.52,0
452906,41.3,2.88,45.17,1,26,158.76,0
619466,39.15,10.89,15.32,0,24,92.62,0
440443,35.13,1.0,49.82,0,27,284.97,0
504284,11.44,2.59,70.59,1,15,148.81,0
322512,55.33,9.99,100.14,0,28,287.1,1
501396,25.84,7.28,25.05,7,11,205.77,1
427542,42.57,19.96,44.34,1,2,146.13,0
568287,11.55,19.17,45.26,4,9,207.54,0
592486,17.31,5.66,88.9,2,23,260.56,0
760747,56.53,12.79,54.13,4,33,185.75,1
519555,29.79,13.75,32.32,2,19,128.37,0
489095,56.8,7.01,68.97,2,13,54.87,0
473326,33.83,2.52,44.88,2,14,150.3,0
407620,7.37,9.94,24.39,4,32,236.53,0
490618,48.38,9.14,32.68,1,22,109.28,0
414551,26.15,7.82,98.35,2,20,227.68,0
470215,45.48,12.21,64.61,3,33,181.97,0
608111,35.38,6.25,57.69,5,5,232.18,0
329214,11.85,4.24,48.75,1,20,16.25,0
586785,37.46,10.55,62.3,2,14,80.58,1
608053,67.94,11.93,62.01,0,27,147.62,0
435831,42.39,4.12,62.3,3,26,310.64,0
195377,34.14,14.64,57.87,3,32,127.2,0
377061,51.13,1.15,76.72,0,30,171.13,0
605639,38.16,7.11,55.58,1,27,330.55,0
447255,38.14,8.71,30.55,0,26,210.0,0
330083,18.63,6.82,39.69,0,18,240.17,0
389427,38.51,7.17,5.52,1,23,135.04,0
550874,50.53,19.36,105.67,3,24,262.53,0
515608,22.46,5.75,76.57,2,4,273.2,0
421328,56.37,22.21,34.25,5,3,215.11,0
405981,33.62,12.19,47.95,2,30,173.98,0
402989,21.68,10.46,39.08,2,16,219.16,0
339310,49.96,12.38,93.56,2,7,66.2,0
643845,30.7,22.65,19.5,1,22,256.2,0
411321,46.39,5.03,57.86,2,31,120.56,0
596059,30.62,4.4,52.29,1,13,160.5,0
632557,34.1,6.23,75.67,0,29,272.23,0
569797,42.4,10.16,52.4,4,28,256.83,0
398205,39.36,1.37,11.04,1,19,66.52,0
498447,5.07,10.11,48.72,3,23,113.69,0
447096,18.18,18.47,30.7,1,8,224.81,0
341555,48.94,10.76,56.99,2,25,58.24,0
488923,33.02,8.54,90.85,2,35,279.35,0
308515,27.14,6.91,11.51,1,26,188.25,0
592521,14.62,14.49,34.99,2,3,278.9,0
394245,18.8,5.87,41.18,0,2,127.86,0
474139,4.67,19.23,45.46,2,5,134.07,0
483994,33.48,19.67,73.5,1,20,252.39,0
418931,26.02,11.28,50.66,1,12,159.25,0
520403,20.5,9.94,65.4,0,16,93.14,0
393011,33.98,15.15,39.36,3,29,219.3,0
554555,40.46,15.47,60.75,1,35,68.53,0
288482,66.4,5.97,74.44,2,21,280.95,0
465165,12.32,7.37,36.69,1,21,192.89,0
682671,52.39,3.39,74.53,5,28,117.72,1
329960,49.6,12.05,56.31,1,6,260.16,0
368670,23.31,13.33,81.14,4,20,261.39,0
511668,38.05,3.25,49.96,1,13,180.26,0
471549,28.14,7.72,64.53,0,11,339.28,0
492075,37.79,3.26,53.98,3,24,337.66,0
508702,57.64,5.51,52.59,3,19,202.63,0
526166,44.08,12.76,61.47,2,23,254.58,0
583163,42.63,6.33,68.42,3,31,271.62,0
499178,28.55,8.5,23.76,2,3,100.56,0
421049,12.74,1.86,90.84,2,34,200.07,0
530708,31.87,10.93,8.51,1,29,132.27,0
677985,53.1,9.78,37.88,2,3,122.4,1
434083,12.09,6.36,52.64,3,15,188.51,0
333056,19.17,9.05,65.31,1,7,193.77,0
582849,36.89,10.9,94.4,2,3,67.16,1
435554,20.23,5.93,8.54,2,16,204.06,0
189279,23.11,2.62,42.31,2,34,162.43,0
551690,28.65,19.03,5.0,2,20,277.85,1
385760,14.52,6.83,55.79,1,33,261.39,0
439136,20.39,9.52,61.79,2,14,120.08,0
489837,45.55,15.05,94.77,0,35,271.89,0
472859,15.39,27.65,58.02,3,11,217.52,0
535134,11.03,3.78,81.1,3,20,164.72,0
397741,25.55,12.25,69.6,1,30,144.15,0
511572,45.98,6.46,44.12,3,28,99.66,0
418854,32.05,7.31,19.78,6,15,94.74,0
538657,28.03,6.4,61.88,4,13,52.1,0
523844,35.67,4.37,17.7,1,35,181.46,0
337747,8.81,9.79,87.38,1,24,35.8,0
580317,42.42,2.63,50.95,0,1,119.34,0
385684,40.75,14.73,84.88,0,24,225.98,0
546966,28.86,10.28,42.99,2,27,284.53,0
494074,50.09,12.11,61.72,1,18,99.61,0
670582,18.09,7.67,60.23,2,26,222.67,0
423184,51.92,8.16,53.87,5,29,158.32,0
408081,37.32,11.44,44.18,5,8,143.87,0
447669,29.95,4.18,64.81,2,26,190.83,0
413618,34.7,8.21,31.85,3,5,134.16,0
545993,33.39,5.7,24.76,2,33,174.11,0
256042,53.3,5.55,86.07,2,5,184.97,0
323558,18.85,1.0,73.18,0,13,261.24,0
321863,23.56,16.7,56.65,2,17,276.42,0
564036,50.54,6.57,96.63,1,13,138.1,0
655273,26.07,15.82,48.31,4,25,161.1,0
437466,48.51,15.34,88.07,0,2,236.29,1
429741,60.49,3.57,59.39,4,24,167.33,0
458406,28.97,4.56,29.38,6,25,230.0,0
589425,45.22,22.8,101.2,3,34,243.15,1
338717,17.69,18.75,79.77,2,12,251.34,0
478604,46.32,9.84,51.97,2,19,186.14,0
567023,37.99,11.29,73.18,1,30,98.56,0
510131,42.1,6.85,44.91,2,1,168.25,0
472749,25.32,12.16,75.73,2,3,144.49,0
570125,10.08,6.41,5.0,2,26,234.4,0
150000,42.55,1.0,29.5,2,15,286.78,0
531345,4.05,3.39,79.48,3,28,288.75,0
371510,30.24,10.11,48.76,2,4,241.99,0
230324,49.12,4.34,60.19,1,19,114.57,0
511344,37.88,9.66,21.33,2,24,278.22,0
614839,64.23,4.63,101.2,2,6,209.86,1
433506,50.38,6.09,84.76,3,16,122.27,1
564344,25.19,14.27,49.98,2,32,240.33,0
643473,35.41,11.24,44.88,3,30,164.53,0
607789,34.29,9.95,80.74,1,35,43.53,0
646795,11.27,14.39,104.56,3,8,111.38,0
539055,20.89,12.4,78.84,3,5,175.43,0
459052,26.59,17.23,109.3,4,12,172.67,0
257764,4.46,7.7,31.94,3,25,105.45,0
420472,35.71,7.85,34.52,2,33,232.58,0
348810,31.26,3.49,25.28,1,24,216.38,0
710513,9.91,7.86,66.04,5,11,79.5,1
428893,41.06,14.82,59.39,0,35,364.34,0
464784,45.74,16.5,51.2,0,1,94.98,1
516178,38.41,14.8,75.23,3,8,147.96,0
455232,30.14,1.03,85.81,4,23,206.28,0
653406,43.87,15.42,16.86,2,20,148.18,0
375282,45.2,1.0,40.08,5,32,281.8,1
473352,39.61,14.49,75.5,1,11,167.73,0
360903,22.63,8.16,43.31,0,7,115.48,0
291597,39.15,13.51,35.04,3,30,223.02,0
376587,52.93,3.34,80.46,2,13,10.0,0
445555,26.05,15.86,22.76,2,3,217.37,0
398483,66.47,2.68,47.46,1,7,270.29,0
366909,27.12,6.66,63.22,2,13,18.53,0
281241,35.49,5.01,40.65,2,25,151.72,0
440027,24.91,1.23,74.58,5,23,64.77,0
269433,38.35,10.47,40.78,3,33,180.92,0
541206,8.87,19.03,90.22,0,5,337.05,0
459892,26.81,23.33,51.86,4,32,196.05,0
275093,18.62,10.49,71.78,1,30,164.7,0
412894,37.03,15.58,73.65,5,31,10.0,1
359741,49.92,11.16,39.31,1,13,102.57,0
488300,44.69,12.49,5.0,5,5,170.69,0
610854,1.0,8.29,64.02,1,23,186.52,0
224979,65.63,10.98,56.81,1,1,204.02,0
463803,39.43,12.69,68.9,3,10,233.77,0
430784,23.35,7.11,49.34,1,27,116.6,0
530560,37.36,9.61,44.24,1,8,182.81,0
475583,37.64,9.71,105.21,2,3,145.26,1
359763,25.0,14.13,18.19,3,19,114.32,0
411713,37.97,4.67,73.35,1,2,118.97,0
354476,25.89,9.74,40.63,4,31,217.86,0
579120,28.93,19.56,46.61,0,10,10.0,0
452557,24.71,15.82,47.07,2,16,50.15,0
678142,13.51,16.75,34.91,1,20,401.7,0
442720,37.19,10.12,69.28,2,3,133.48,0
364991,43.78,11.6,89.77,2,35,282.82,0
268354,42.72,15.01,66.75,2,34,175.47,0
233623,47.3,17.8,57.58,3,21,140.69,0
259903,39.87,1.0,30.34,3,32,226.0,0
482055,27.01,3.42,67.92,3,18,185.64,0
511047,47.59,16.55,108.91,2,34,167.46,0
260257,14.64,8.62,45.48,4,3,176.92,0
557404,21.49,6.64,45.6,3,3,207.58,0
392032,20.54,3.73,40.97,6,27,131.83,0
467615,51.2,7.22,42.76,3,2,146.27,0
643466,49.14,2.99,5.0,1,3,111.57,1
557620,42.31,20.46,65.13,2,17,95.48,0
417776,51.08,9.89,33.86,7,19,309.51,1
343056,21.81,9.71,14.74,2,19,116.56,0
191782,40.23,12.94,73.83,1,5,249.9,0
363701,33.12,14.81,27.95,5,5,155.09,0
424664,47.7,14.73,46.53,3,14,217.83,0
331538,33.27,15.37,91.66,5,27,179.87,1
434249,29.23,6.85,19.77,2,35,54.61,0
459222,43.11,8.51,16.69,0,21,182.03,0
423017,48.14,13.85,61.73,0,5,222.4,0
371999,24.97,7.36,83.74,1,24,113.15,0
470238,34.08,9.97,15.64,2,24,342.52,1
503032,19.12,11.99,65.19,3,13,236.85,0
319152,1.0,13.93,69.52,2,1,237.47,0
619311,38.01,1.11,5.0,2,10,244.9,0
438169,44.13,13.57,74.96,3,2,16.62,0
452261,38.93,8.83,76.92,1,16,229.34,0
534985,5.76,13.54,47.21,7,16,339.33,1
477985,29.74,13.88,86.31,2,23,233.16,1
564376,1.72,18.04,83.41,6,26,161.6,1
484454,55.55,16.77,57.58,1,16,101.93,0
376507,18.71,16.73,43.71,0,27,95.17,0
493380,53.83,17.22,30.68,1,30,86.76,0
312752,49.19,11.46,54.06,6,33,151.97,0
463027,21.49,10.16,69.24,2,32,105.23,0
446012,18.01,14.36,46.9,2,9,169.36,0
425025,40.26,13.66,5.0,1,11,194.28,0
434575,22.34,8.45,86.72,1,6,59.61,1
224178,36.54,12.02,59.76,1,30,126.44,0
384153,27.76,9.82,45.51,1,15,139.47,0
461141,8.28,5.73,76.43,2,30,137.49,0
469182,1.54,16.45,93.12,2,18,181.25,0
326678,38.4,10.28,5.0,2,12,188.73,0
601884,26.58,20.24,65.86,0,4,150.3,1
346059,26.7,1.87,19.33,1,16,132.93,0
566334,45.44,7.22,67.48,4,23,178.56,1
501263,52.6,10.16,58.2,5,11,280.96,1
372452,30.91,15.69,70.89,2,24,78.12,0
663037,29.89,12.0,42.52,4,22,259.22,1
306763,42.5,11.55,8.17,0,15,65.64,0
560298,14.65,4.36,43.74,3,15,205.33,1
570069,38.35,4.22,65.17,6,10,253.47,1
369525,43.28,11.61,80.38,0,28,87.35,0
617095,45.2,3.18,25.7,6,17,204.55,1
419994,5.95,7.34,80.68,2,22,106.76,0
484643,23.58,12.5,38.8,3,23,261.92,0
481238,21.83,5.09,64.06,3,29,67.99,0
433882,36.5,18.03,42.25,0,22,117.53,0
547296,42.21,16.12,59.55,1,11,189.2,0
545218,57.45,2.14,77.3,1,29,229.8,0
240176,27.58,5.34,24.32,1,32,186.49,0
606520,27.54,1.0,38.0,2,14,214.66,0
250500,52.25,6.09,59.62,6,18,141.55,0
573905,39.45,13.83,115.04,2,34,103.62,1
585204,54.01,7.93,33.42,3,23,282.52,0
319084,39.33,12.3,106.0,2,32,214.91,0
400702,17.64,2.39,105.11,7,3,145.86,1
317315,15.0,13.99,52.57,3,22,64.24,0
424209,11.73,7.22,47.55,1,23,265.62,0
413035,44.93,10.06,37.7,2,4,268.5,1
543559,52.83,9.54,53.29,2,13,164.78,0
607237,62.74,3.64,19.83,2,32,133.76,1
617482,47.65,4.23,53.09,1,29,161.85,1
382539,52.44,14.84,92.42,1,10,165.24,0
424893,26.3,11.99,39.72,1,13,233.87,0
247987,17.65,15.25,48.98,1,17,100.35,0
353295,47.75,11.62,12.47,2,2,139.15,0
565782,41.27,10.71,64.35,2,17,167.14,0
643869,36.61,1.37,61.61,2,26,198.09,0
301878,40.81,8.65,56.59,0,5,240.65,0
378904,39.85,9.86,49.58,2,25,201.77,0
446831,54.26,19.77,47.68,5,9,302.65,0
483619,54.42,13.43,67.55,2,28,110.59,0
352847,43.16,17.68,54.28,2,22,282.31,0
500887,47.69,12.99,62.87,2,29,113.23,0
393139,42.71,6.44,60.37,2,35,152.33,0
448265,28.08,10.59,83.09,2,20,207.11,0
515554,46.35,11.18,71.92,4,5,262.45,1
450770,14.08,5.3,59.82,4,32,152.44,1
397633,50.81,8.08,92.96,3,10,207.48,0
436846,17.08,8.97,65.51,2,17,157.91,0
439396,39.29,18.03,87.62,1,15,19.31,0
405598,22.32,1.0,70.17,1,9,177.31,0
418944,43.3,16.03,8.95,2,32,93.09,0
641837,34.49,5.32,87.62,3,23,269.0,1
517310,11.08,3.14,58.38,2,11,269.49,1
414542,41.31,15.9,53.7,2,13,121.48,0
533634,26.33,13.66,62.03,2,18,110.72,0
409941,48.22,16.27,46.38,4,9,135.97,1
590774,35.02,14.0,60.68,4,5,217.27,1
494357,40.93,20.3,40.2,4,22,217.55,0
437123,20.64,12.79,86.86,4,32,418.56,1
503726,26.16,9.22,52.16,1,2,158.39,0
261494,28.12,11.71,45.44,1,21,186.4,0
314787,47.85,16.22,31.88,0,28,315.22,0
306728,60.16,6.1,61.72,1,24,200.04,0
467153,22.92,6.74,59.68,2,24,103.83,0
657901,51.15,8.46,64.71,4,14,203.94,0
717756,2.45,1.0,29.32,2,27,229.34,0
526566,17.09,10.69,14.97,2,24,156.08,0
510101,20.62,1.0,70.64,4,6,235.67,0
233873,14.71,10.27,92.12,1,26,229.44,0
384879,11.25,14.33,29.34,1,15,147.91,0
355465,41.19,7.62,94.74,3,29,288.62,1
375498,31.79,18.39,62.1,1,10,125.15,0
429822,40.69,2.7,54.82,2,28,210.61,0
393349,45.36,15.96,45.06,1,9,137.85,0
212484,38.98,13.38,20.39,0,21,61.5,0
539749,44.87,1.42,79.69,4,10,205.09,0
321270,33.96,23.55,35.61,1,4,315.05,0
478709,17.2,9.68,35.5,2,4,176.23,0
698889,50.87,5.61,79.8,0,6,75.46,0
339673,26.16,2.96,7.93,1,26,195.54,0
150000,20.97,8.9,16.91,1,16,122.69,0
415679,32.33,9.36,54.55,0,8,253.77,0
582115,21.31,10.51,62.33,0,28,164.0,1
685001,28.74,8.51,67.12,4,16,55.92,0
302454,40.16,13.17,47.46,1,1,215.6,0
509603,40.23,8.06,118.26,0,19,194.62,1
394162,21.53,1.0,49.3,0,17,159.01,0
437286,27.68,9.25,49.23,4,28,107.28,0
767321,51.11,1.0,35.08,4,12,305.24,1
269643,42.45,11.77,58.1,2,6,148.37,0
480448,66.13,5.1,70.37,2,7,242.8,0
506123,52.7,10.82,85.09,1,8,147.57,0
580294,52.16,16.57,17.77,1,3,227.66,0
461757,14.18,5.26,48.85,1,21,183.74,0
486966,46.46,15.31,66.17,5,8,181.96,0
403002,34.2,7.83,69.68,0,28,122.15,0
482295,26.74,18.77,55.16,5,30,216.97,0
408816,37.52,8.17,68.56,1,32,278.36,0
524588,49.18,5.8,34.78,1,11,107.59,0
405646,42.51,13.44,93.95,0,20,121.74,0
495252,21.82,7.82,79.82,1,16,386.12,0
446488,46.14,5.79,21.38,2,25,109.89,0
585126,25.44,7.61,28.12,2,9,141.18,0
443832,38.25,9.78,28.83,0,3,276.86,1
237236,30.45,16.71,71.95,3,16,278.97,0
601430,31.72,1.0,22.88,3,12,10.03,0
341312,46.49,10.12,46.72,3,15,233.58,0
371548,19.4,13.12,66.37,1,4,166.35,0
378520,64.18,10.97,53.35,1,23,169.55,0
614932,7.68,16.55,61.47,2,27,261.56,1
193719,26.03,9.63,28.35,0,13,155.63,0
826529,40.55,9.08,69.87,2,21,144.16,0
576726,43.76,12.96,39.67,2,29,157.49,1
476788,33.49,10.5,46.88,1,29,155.56,0
443412,34.14,8.05,60.94,0,11,204.31,0
484266,41.16,12.58,57.58,3,28,272.63,0
512534,31.53,6.74,55.6,2,10,209.93,0
527425,55.9,6.94,36.23,1,5,179.1,0
516672,47.59,7.36,47.51,1,25,218.25,0
460749,48.09,16.77,55.05,1,33,234.61,0
426319,20.51,1.0,20.62,0,17,220.46,0
431847,33.81,11.98,43.44,3,33,133.29,0
426611,30.49,10.17,64.69,3,25,209.72,0
586052,19.92,1.6,23.06,2,33,31.63,0
521226,40.4,11.55,83.91,2,9,287.37,0
150000,26.94,12.38,86.74,1,27,287.18,0
528708,44.83,12.95,23.87,6,25,242.26,0
473368,18.95,1.0,88.94,1,4,267.22,0
447754,60.79,16.83,51.41,3,9,174.81,0
403377,21.56,6.31,65.46,1,15,127.47,0
584893,38.29,13.43,42.58,2,16,92.23,0
563703,46.88,13.71,78.08,1,16,250.57,0
357254,26.44,5.62,65.15,0,13,127.46,0
498846,47.79,13.3,34.65,2,14,153.84,0
333401,16.56,8.07,25.87,1,22,195.69,0
284445,56.78,1.0,18.49,2,21,177.38,0
374793,35.21,15.84,59.7,1,9,198.53,0
553487,26.05,6.12,69.31,3,4,53.43,1
564375,30.51,5.73,71.27,1,10,163.66,0
511570,47.13,7.98,52.05,2,35,237.69,0
537011,26.23,11.36,26.08,3,9,149.77,0
511941,23.76,9.71,37.95,6,16,119.65,0
373022,31.68,12.74,83.81,4,18,246.84,1
501830,17.35,3.3,42.88,2,10,150.3,0
546049,62.31,6.29,58.59,2,21,192.91,0
540514,26.5,9.42,28.11,0,15,165.27,0
592669,47.47,19.49,63.41,2,15,179.97,0
534996,38.14,9.43,43.56,4,11,287.07,0
492173,20.23,15.43,81.17,1,20,220.04,0
578418,34.91,10.19,74.34,2,34,94.48,0
446817,46.76,7.58,42.61,1,22,153.95,0
344175,32.18,8.77,51.83,3,18,151.12,0
430431,52.9,9.16,41.22,4,16,195.15,0
360611,50.32,13.02,19.51,1,5,243.61,0
368978,48.78,16.87,33.56,1,1,182.23,0
432657,28.11,11.8,59.96,2,19,180.17,0
354909,18.8,15.94,63.13,3,10,23.79,0
413044,25.8,5.18,58.71,1,21,272.68,0
222766,37.94,7.93,47.46,3,13,168.25,0
475595,43.19,6.38,78.33,5,24,198.1,0
450144,2.43,11.57,56.59,4,23,197.94,0
351949,34.88,8.21,72.58,1,23,126.15,0
529109,37.37,13.65,10.66,2,11,162.93,0
562508,30.84,5.34,5.0,1,2,125.6,1
257092,54.37,10.22,62.09,2,6,276.83,0
358473,41.33,13.43,19.38,1,11,24.33,0
357702,54.65,1.0,49.69,1,15,113.27,0
337211,31.76,20.61,47.45,5,9,157.46,0
549536,49.06,8.58,94.69,1,12,284.82,0
426740,59.53,1.0,65.0,3,28,229.55,0
418258,54.68,10.79,59.15,3,23,65.34,0
209536,18.62,10.17,75.92,4,27,171.91,0
526250,31.19,9.59,64.21,7,24,230.49,0
301288,29.82,14.96,43.56,2,14,335.88,0
457191,42.34,13.74,81.79,4,35,156.22,0
483285,45.3,11.49,27.26,2,27,97.09,0
613279,22.42,12.25,63.08,2,21,202.57,1
292941,36.02,9.48,16.31,2,13,176.97,0
150000,4.7,18.88,60.1,1,8,212.43,0
472061,56.63,2.6,59.82,1,34,228.33,0
666061,27.31,10.7,96.91,6,23,202.4,0
598673,35.84,10.33,15.88,2,9,216.97,0
475159,30.36,14.07,39.98,1,1,294.5,0
391003,52.19,5.78,75.57,1,16,159.63,0
546854,1.0,1.28,63.38,6,25,94.29,0
333174,34.75,10.78,59.51,4,18,201.98,0
507162,33.41,11.41,31.1,2,34,90.31,0
510656,28.2,17.45,40.23,1,3,101.49,0
577225,60.89,3.65,86.13,2,20,122.45,1
781159,21.69,15.77,53.71,0,19,92.45,0
497089,46.58,21.84,64.38,0,13,261.8,0
388924,40.34,8.11,52.12,5,17,183.42,0
446931,53.92,3.55,25.42,0,14,229.48,0
237710,24.99,7.97,78.35,0,30,215.72,0
366634,24.01,10.07,67.58,4,22,165.3,0
400886,51.44,12.82,112.64,1,29,247.24,0
387109,41.38,7.04,29.61,2,2,146.22,0
468282,11.83,17.78,75.56,3,8,168.24,0
351309,26.91,4.43,22.21,3,14,130.45,0
584523,40.8,1.3,58.93,2,34,278.02,0
450024,47.57,15.53,79.41,5,13,172.5,0
448883,24.81,1.0,5.0,3,10,221.86,0
410652,1.0,8.98,49.88,0,8,139.3,0
468622,42.85,25.59,40.92,5,7,239.29,0
549011,16.7,9.94,37.45,2,13,234.1,0
345944,4.74,4.4,64.63,3,26,66.22,0
371026,1.0,9.71,83.02,1,32,180.29,0
413552,47.21,9.75,51.67,2,19,188.18,0
288495,36.93,10.8,60.14,0,15,159.02,0
351689,31.62,13.31,57.86,2,2,276.93,1
392853,55.84,4.8,55.05,1,19,94.79,0
554926,44.56,18.44,27.77,2,33,148.62,0
481507,59.24,11.23,82.71,3,33,120.55,0
473230,14.11,13.63,62.38,2,1,252.09,0
552107,34.48,6.86,64.87,2,28,108.0,0
433515,10.75,16.43,34.84,1,17,51.72,0
496855,31.56,8.71,43.52,2,6,210.2,0
437613,31.27,11.39,50.6,2,20,170.26,0
481843,44.4,5.33,16.65,4,13,252.82,0
380068,35.68,5.02,12.8,1,12,236.86,0
157341,44.35,13.44,39.98,3,30,177.03,0
433886,45.55,7.78,68.06,1,21,78.98,0
620729,67.32,5.73,38.67,2,2,96.13,0
561145,30.27,6.78,29.53,2,18,55.88,0
565847,20.88,13.49,34.63,0,28,170.32,0
598335,38.69,6.85,43.62,1,4,133.89,0
460638,22.97,9.41,46.15,3,6,167.35,0
473677,57.23,10.08,109.14,3,9,192.15,0
375881,30.75,1.0,81.37,2,20,312.88,1
412071,26.52,2.64,80.62,1,30,220.66,0
523892,27.93,11.68,84.21,1,4,184.99,1
594466,45.78,6.31,30.03,0,13,70.46,0
433266,32.63,15.28,24.44,1,35,181.83,0
395977,25.37,14.83,27.33,2,30,241.73,0
450063,59.98,13.6,88.36,0,4,207.36,0
522144,22.16,19.1,41.32,3,25,106.65,0
276737,35.53,9.58,23.72,2,31,153.65,0
174458,44.78,13.24,44.23,4,12,185.14,0
383935,10.53,7.08,49.03,1,15,151.43,0
303514,42.2,22.26,61.71,4,26,136.8,0
389023,19.17,19.92,61.27,2,10,29.7,0
432266,47.34,10.06,34.3,1,12,126.23,0
395610,20.56,11.93,72.14,5,22,197.58,0
624296,45.39,16.8,39.02,5,21,241.26,0
489209,51.59,9.26,51.09,2,35,185.33,0
486056,47.92,6.72,72.17,2,7,254.16,0
524664,38.77,14.37,38.95,3,18,174.5,0
313340,31.53,10.39,40.77,3,27,118.56,0
574693,26.35,10.91,69.79,2,35,146.82,0
440908,57.07,5.83,33.56,3,2,214.93,0
530457,24.51,1.41,45.38,2,32,161.23,0
321377,19.44,11.18,68.89,0,15,135.03,0
263548,44.98,14.52,106.35,2,24,70.97,0
548146,23.06,8.87,70.14,4,20,117.48,1
495169,20.75,17.18,66.82,0,10,152.2,0
341753,13.35,6.48,68.27,4,24,139.31,0
345640,27.76,4.73,28.17,0,24,111.78,0
585052,33.76,9.66,57.89,2,24,289.02,0
307270,38.65,9.59,54.26,0,34,222.03,0
647120,49.27,13.85,63.04,1,11,333.45,0
341925,42.9,6.13,57.91,2,26,67.64,0
526607,32.14,16.84,64.49,1,1,201.92,0
410565,32.03,19.83,47.21,4,30,149.58,0
522382,42.65,9.8,56.47,2,18,181.38,0
384706,54.09,16.25,24.3,0,26,309.55,0
430464,36.89,4.72,47.0,1,9,58.24,0
454910,27.96,15.38,89.77,4,9,139.91,0
329737,20.11,15.24,62.97,6,1,127.63,0
538898,13.32,14.32,54.48,1,7,140.1,0
388414,44.99,9.92,102.4,3,16,32.25,0
422568,43.67,1.0,20.98,2,11,269.98,0
330678,43.66,6.79,27.26,0,25,272.76,0
150000,33.07,6.87,97.82,4,29,220.73,0
427076,56.1,5.11,56.15,3,19,86.31,0
739513,27.74,10.61,48.94,0,18,199.43,1
544152,49.33,7.91,25.02,0,29,240.62,0
447688,34.42,5.88,66.19,2,16,207.19,0
418453,25.87,4.71,68.61,3,8,176.54,0
452695,43.89,6.42,27.64,2,34,278.74,0
515654,41.14,15.61,51.49,2,6,130.36,0
308302,40.35,6.69,46.61,1,30,168.18,0
583718,36.22,7.43,61.4,3,34,223.79,1
535845,34.43,7.72,27.02,3,21,202.25,0
536182,70.83,11.69,86.3,1,12,219.2,0
502617,52.76,12.28,77.9,1,6,217.35,0
452353,45.84,1.0,45.92,2,6,216.74,0
530743,36.68,15.11,49.59,3,4,154.46,0
521017,50.11,17.18,51.59,2,9,131.17,0
407515,42.77,4.75,35.54,2,5,189.6,0
381167,35.39,5.14,43.91,1,10,285.78,0
462222,30.45,7.75,48.24,4,8,178.26,0
635882,33.79,6.22,95.32,1,23,221.96,0
301307,1.0,11.12,78.67,0,4,187.87,0
273896,38.16,1.0,78.37,3,7,322.36,0
469771,27.67,4.41,64.25,0,6,170.35,0
456106,58.89,17.7,27.07,2,15,222.2,0
470800,35.29,5.36,53.96,3,35,129.68,0
479274,17.17,16.22,79.26,3,32,101.57,0
423215,34.25,11.78,23.54,3,14,179.52,0
628783,19.31,1.0,70.91,1,35,262.68,0
257891,42.1,13.18,113.07,2,11,224.35,1
350580,39.36,9.41,81.55,2,10,33.95,0
437609,49.37,7.72,90.35,0,17,231.3,1
252817,23.14,11.22,60.46,0,13,72.81,0
428897,35.51,12.37,79.2,2,34,238.8,0
649376,14.52,13.54,37.05,2,5,218.11,0
452506,45.52,15.89,74.9,3,10,169.51,0
477684,42.78,12.04,71.36,3,32,230.91,0
298780,42.44,3.12,62.25,1,12,161.51,0
376036,35.02,7.63,87.9,2,13,190.46,0
404976,41.22,24.72,41.53,1,21,79.32,0
411874,59.07,13.62,50.32,1,33,162.07,0
603797,30.72,21.85,57.39,0,32,244.67,0
516922,37.08,16.98,29.26,3,12,86.82,0
316625,18.71,11.21,60.67,2,35,237.3,0
479580,21.98,11.51,12.03,2,28,38.69,0
509786,36.47,9.82,81.17,0,13,96.73,0
586817,51.56,1.31,56.17,3,12,157.96,0
639664,31.16,10.09,41.98,2,22,190.75,0
328188,31.46,16.05,34.14,3,2,139.91,0
352697,28.9,7.0,49.14,2,29,138.0,0
299090,26.98,12.06,72.21,5,13,257.5,0
421917,39.42,14.26,68.69,3,35,263.21,0
505963,12.54,5.45,37.36,0,13,150.29,0
568480,54.21,7.74,33.85,3,34,152.41,0
440885,25.02,4.91,71.42,2,19,159.91,0
411618,45.83,5.89,36.94,4,9,335.24,0
468210,15.95,3.56,56.5,2,31,181.19,0
349782,45.03,5.5,58.09,4,33,289.97,0
700744,45.08,17.1,62.8,4,27,231.24,1
257080,40.76,5.42,76.46,2,2,172.66,0
472168,20.08,10.63,23.43,2,15,134.68,0
692832,38.74,7.49,7.22,3,19,234.54,0
450815,17.25,15.89,40.81,2,31,124.97,0
427195,31.21,16.56,100.04,2,16,152.94,0
407106,50.44,14.32,105.55,3,15,226.12,0
428352,46.95,11.53,100.78,3,6,163.16,1
614741,35.23,8.84,50.18,2,14,152.35,0
184576,20.38,4.04,10.45,2,27,158.44,0
634012,44.68,19.72,5.0,2,19,131.93,0
279125,35.29,6.2,39.65,4,4,211.46,0
418001,1.0,13.32,50.05,4,26,182.54,0
398490,46.74,15.3,87.52,3,9,85.07,0
520626,34.64,7.22,76.7,2,15,145.88,0
258225,53.04,15.19,60.69,4,4,154.31,0
505460,18.57,13.82,32.75,2,26,153.82,0
692917,1.0,18.64,30.98,2,18,221.94,0
286419,39.19,7.65,61.35,6,35,130.85,0
472764,39.37,3.57,72.43,1,29,369.27,0
370562,9.64,7.47,64.8,0,24,276.99,0
501106,20.32,11.04,29.14,1,4,276.65,0
452297,76.33,10.29,71.27,1,21,107.64,0
373021,30.42,8.03,65.65,2,7,37.86,0
508544,45.96,1.0,28.23,0,23,156.27,0
666521,25.24,12.35,35.39,5,21,200.55,0
427091,3.65,19.86,72.21,4,1,168.66,1
536370,32.45,12.32,49.14,3,25,142.91,0
294807,31.02,13.05,94.73,2,31,58.13,0
335227,29.0,12.86,67.53,1,5,132.95,0
506688,33.28,11.99,42.83,2,31,162.98,0
628093,38.96,14.66,54.74,3,1,145.32,0
492673,32.75,11.98,56.58,4,30,144.93,0
412433,16.04,8.44,36.79,1,18,124.12,0
449914,42.29,6.02,32.19,0,8,295.84,0
299951,5.76,8.76,72.53,1,26,229.59,0
522541,4.24,11.57,76.13,0,15,246.92,0
555879,46.09,8.42,70.09,2,19,199.09,0
395749,42.61,11.57,92.88,2,10,86.54,0
393594,34.14,12.2,41.46,0,24,231.69,0
481905,14.07,14.17,96.86,0,16,274.38,0
397593,24.38,16.41,32.48,0,31,284.58,0
442064,31.06,10.39,29.68,0,16,223.65,0
701966,11.06,3.46,11.0,2,16,180.07,0
420356,23.91,8.27,43.86,3,28,179.87,0
406999,44.78,10.22,42.41,2,20,216.31,0
372294,56.41,1.0,68.15,2,35,65.13,0
539303,28.71,16.94,61.1,3,9,224.7,0
428253,46.35,10.71,25.18,2,10,146.0,0
372075,6.29,11.91,45.18,3,18,334.66,0
608556,44.89,16.83,45.71,3,15,158.97,0
620352,22.94,6.85,10.6,3,30,193.62,0
377949,39.61,12.87,30.48,2,32,190.13,0
226015,31.28,9.45,35.73,0,27,131.55,0
570901,54.81,9.08,90.84,4,27,212.01,1
367844,21.88,6.14,59.79,1,19,203.95,0
544875,44.41,18.33,71.55,2,10,251.6,0
213587,30.81,8.12,17.53,3,6,230.43,0
557111,32.63,13.5,84.86,5,24,193.1,1
304659,32.24,1.0,87.53,1,9,122.69,0
537691,22.31,15.9,5.04,2,27,124.72,0
451712,34.79,15.26,37.37,2,7,295.99,0
335527,34.06,10.49,67.39,3,6,186.1,0
401155,38.62,8.87,71.11,3,33,325.36,0
532358,36.27,12.0,38.04,1,21,122.72,0
462707,46.97,21.44,47.36,4,17,333.57,0
520129,48.85,1.18,40.07,2,31,113.95,0
687172,19.24,13.91,57.76,3,11,149.31,0
262291,48.03,5.44,84.93,1,28,210.95,0
644065,17.2,9.9,35.72,3,5,249.83,0
462522,43.82,8.76,80.02,1,12,227.47,0
342145,44.3,7.86,35.46,1,3,46.08,0
290362,6.33,9.95,33.81,1,2,139.93,0
427305,36.39,4.33,75.46,4,26,99.81,0
560598,27.97,15.15,78.05,2,2,83.31,0
434694,23.62,1.03,76.29,0,12,178.86,0
631338,55.26,12.7,22.11,1,2,32.19,1
275858,25.19,8.37,43.35,4,16,249.99,0
448549,22.9,4.15,75.57,1,30,232.14,0
299712,36.14,11.01,56.04,1,4,293.36,0
493635,45.28,2.22,28.16,3,11,105.33,0
556426,32.88,10.2,66.46,0,24,112.22,0
399508,52.5,2.89,37.13,1,18,253.65,0
150000,42.96,12.31,99.86,1,27,258.95,0
473873,2.33,5.38,93.62,2,2,274.41,1
502408,27.06,7.75,70.1,2,15,260.79,0
498515,26.57,11.47,89.03,1,11,195.34,0
598293,42.19,6.14,56.62,2,27,147.8,0
321473,1.0,9.71,74.14,1,23,231.45,0
531625,73.24,2.43,91.94,2,35,149.07,0
593100,42.97,13.15,61.14,2,30,187.37,0
236569,37.23,18.82,48.62,4,24,153.28,0
488358,52.72,23.96,12.38,1,19,198.66,0
389498,70.15,10.46,52.92,4,29,266.94,0
440217,48.06,13.94,75.59,3,13,155.54,0
491721,49.23,1.1,78.64,3,23,144.9,0
391532,36.96,17.51,67.61,1,12,172.57,0
368915,32.88,13.88,41.47,3,29,97.47,0
454098,27.86,7.58,5.58,2,6,226.49,0
319530,22.61,16.19,42.62,2,23,188.16,0
319700,24.69,8.73,47.39,1,31,177.52,0
531524,14.74,7.71,47.18,1,21,203.01,0
312144,33.86,12.38,70.46,0,24,76.82,0
529957,9.73,4.68,104.64,3,8,278.05,0
505510,37.86,15.11,58.09,3,9,143.62,0
242903,34.46,4.72,49.58,3,22,153.77,0
368692,37.2,4.75,48.52,1,4,240.55,0
593293,27.17,5.45,58.11,1,13,222.79,0
332260,81.15,13.8,34.29,1,34,319.92,0
394271,55.4,6.92,58.0,6,3,112.44,1
505447,16.33,3.26,66.27,3,28,114.36,0
544006,38.49,6.97,60.24,1,26,96.29,0
419815,25.88,9.84,66.44,4,34,189.35,0
378298,19.78,4.1,65.84,1,15,161.06,0
620684,14.9,4.24,10.7,1,8,131.33,0
658667,41.48,20.56,70.92,2,35,175.4,0
567462,24.78,5.7,38.22,0,24,107.75,0
460238,49.52,8.38,27.6,2,4,288.22,0
353008,49.91,8.16,27.39,0,12,131.05,0
350346,55.61,7.89,65.84,1,19,140.02,0
512701,22.21,13.11,49.44,3,15,12.92,0
500207,42.13,14.74,12.95,3,30,64.81,0
618191,44.49,8.47,66.95,2,12,138.84,0
528054,27.89,3.82,19.01,1,19,158.62,0
269630,23.42,16.37,58.5,0,34,230.36,0
576233,59.14,9.52,60.96,2,7,75.31,0
330232,38.41,18.65,77.14,1,28,211.65,0
403923,44.54,1.0,99.54,2,28,223.69,0
480024,22.67,10.98,20.88,4,29,227.39,0
689480,16.71,19.59,53.69,1,20,252.5,0
823190,26.46,8.23,48.09,4,11,98.67,1
522806,33.14,8.87,65.84,0,23,217.89,0
428016,19.04,11.48,60.39,1,20,303.56,0
514140,34.85,7.21,46.19,0,20,278.02,0
556518,9.67,8.44,43.98,1,11,312.44,0
411519,18.2,8.31,27.09,1,2,196.87,0
665425,45.06,6.86,79.7,5,13,138.57,0
477608,44.06,16.14,66.48,1,13,10.0,0
509729,29.12,12.31,77.94,1,15,93.01,0
529910,19.73,11.25,47.24,0,31,143.22,0
500590,19.59,14.04,38.58,3,23,155.84,0
550672,29.4,8.68,28.04,2,22,124.58,0
375929,44.67,6.13,63.97,2,16,203.77,0
383003,48.92,6.99,29.01,2,29,193.64,0
317981,27.55,10.01,101.22,3,20,182.87,0
502740,17.7,4.7,22.31,1,28,234.97,0
543472,39.02,7.5,61.84,1,27,147.13,0
504932,22.65,7.42,94.17,1,29,256.72,0
650939,27.23,20.62,69.98,3,5,95.74,1
449328,54.88,1.0,59.39,4,2,158.75,0
530248,47.41,9.1,30.79,3,20,202.3,0
318995,37.37,18.63,20.46,0,13,45.69,0
403548,15.92,10.61,74.25,3,26,144.73,0
533464,38.17,13.77,92.65,3,35,229.82,0
551892,50.94,10.5,44.03,0,8,150.09,0
414723,29.37,6.66,26.52,3,28,52.42,0
441408,55.27,1.0,5.0,4,15,117.89,0
267855,54.39,11.03,30.48,1,8,85.84,0
407156,59.96,6.12,52.16,3,11,214.73,0
556845,39.58,6.0,94.98,2,29,188.21,0
519024,43.81,7.51,71.83,1,5,70.7,0
510079,56.21,18.72,62.63,5,7,65.34,1
455972,41.71,22.02,45.0,1,18,129.26,0
450847,27.48,11.09,40.42,0,28,182.19,0
370761,28.27,7.68,90.14,2,12,132.97,0
533859,38.58,4.11,60.02,1,12,204.52,0
500516,15.64,12.34,5.0,4,29,202.09,0
509042,32.85,18.91,38.16,1,11,217.26,0
386875,51.45,8.76,33.54,1,6,81.07,0
191598,2.13,1.0,41.34,2,21,160.69,0
581658,58.02,13.35,69.07,1,10,255.28,0
392539,51.84,14.93,52.31,3,32,132.97,0
346466,28.1,2.07,53.08,5,33,123.05,0
533217,43.15,10.88,87.84,1,17,145.82,0
402958,35.05,12.26,37.59,2,3,144.06,0
577192,53.45,9.63,101.6,3,18,188.5,1
524040,49.74,6.05,38.22,3,10,139.29,0
532028,14.0,15.08,57.23,3,8,38.61,0
286085,43.81,7.98,47.97,2,34,262.97,0
595433,31.92,2.57,58.09,0,33,215.45,0
481350,36.24,1.0,66.11,2,10,190.44,0
405686,24.08,16.3,65.85,3,18,173.41,0
467206,61.22,13.08,36.17,2,25,157.41,0
236851,50.6,10.44,26.93,0,2,124.0,0
499038,23.9,7.8,117.58,3,19,48.57,0
326475,14.98,7.36,42.9,4,10,293.92,0
287679,29.21,4.62,72.48,1,3,181.46,1
267316,41.52,7.84,14.81,4,19,67.22,1
583522,38.6,1.0,48.01,0,26,108.17,0
374488,53.8,6.32,51.82,3,25,201.31,0
634047,46.85,8.45,66.82,3,17,199.92,1
385703,49.54,13.05,5.0,3,10,127.67,0
245117,39.9,9.8,59.15,3,11,104.55,0
316017,14.16,13.97,26.26,2,11,139.94,0
598297,32.06,16.75,63.11,1,12,44.94,0
431292,50.9,15.29,29.09,3,8,146.7,0
384205,34.23,12.35,33.61,1,24,147.45,0
469202,42.55,10.06,48.16,3,14,286.87,0
510213,30.22,5.1,28.69,3,23,148.45,0
584087,19.55,13.7,43.11,3,17,197.7,0
623819,33.15,18.4,25.17,2,5,291.88,1
406827,39.64,11.71,9.17,3,3,105.29,1
290874,25.16,19.59,80.45,1,9,136.27,0
400384,31.46,2.37,22.6,2,20,142.24,0
481233,20.91,4.23,50.53,1,20,62.78,0
334348,51.79,14.28,73.82,4,19,161.7,0
335141,30.58,11.32,39.63,3,21,261.44,0
491254,56.79,16.57,34.37,4,16,239.19,0
444161,57.93,9.92,60.66,4,33,262.76,0
453935,33.78,5.66,82.95,4,5,135.63,1
358980,19.87,8.93,25.77,4,24,100.96,0
422351,3.71,2.34,51.25,1,15,337.92,0
339092,12.92,4.36,11.69,0,26,195.03,0
556823,14.39,14.86,45.17,0,25,67.13,0
574229,55.68,14.36,55.86,4,28,359.23,0
228457,36.74,11.82,33.63,3,33,173.7,0
338458,40.84,1.39,43.58,0,18,10.0,0
270416,1.69,8.21,19.79,1,18,281.82,0
371997,17.03,3.88,56.93,2,33,18.27,0
439987,48.31,15.88,81.39,1,27,200.19,0
276042,39.3,7.08,27.57,1,15,238.97,0
339376,32.79,4.57,39.43,6,13,227.7,0
329525,43.47,10.15,67.56,1,34,288.93,0
474872,59.54,6.8,85.3,2,4,251.2,1
458321,31.68,17.42,17.67,0,35,309.96,0
363391,36.04,6.33,50.78,1,19,173.49,0
471218,37.89,3.0,62.08,1,31,151.05,0
384398,70.88,1.0,52.45,2,25,155.73,0
417401,3.51,9.85,5.0,1,12,276.16,0
650814,45.25,7.19,67.53,0,12,135.24,1
610855,33.28,2.86,92.98,1,25,239.32,0
294050,43.5,15.95,57.92,3,33,119.81,0
549567,25.14,13.34,29.22,1,28,121.07,0
547367,34.27,9.86,42.17,1,9,262.9,0
312208,45.67,16.82,99.25,3,14,210.57,0
548253,81.69,13.31,77.75,3,3,28.83,0
634551,47.12,5.89,71.0,1,5,120.23,0
315294,22.28,4.8,63.91,0,26,10.0,0
339899,28.64,14.09,38.47,4,18,153.71,1
572119,28.2,11.98,49.99,2,21,160.86,0
482579,8.07,10.85,53.05,1,16,146.82,0
516177,30.05,5.77,68.74,3,23,264.45,0
490870,45.99,13.04,92.72,1,29,208.91,0
496883,15.89,6.22,82.96,1,10,352.61,0
290823,50.73,9.49,19.52,4,5,217.39,0
575678,42.32,17.23,60.6,4,11,218.68,0
590350,23.99,6.7,73.42,1,29,199.04,1
422473,32.88,2.14,70.47,2,27,161.17,0
444782,58.97,4.74,39.27,4,34,134.52,0
266267,46.0,14.97,127.85,2,14,163.55,0
511710,35.13,11.27,23.07,2,10,166.76,0
518646,31.43,9.36,27.92,1,11,173.41,0
442537,36.15,7.45,60.84,2,11,224.52,0
584922,27.32,12.43,107.92,1,35,201.01,1
409910,3.43,5.75,34.1,3,19,143.82,0
517752,65.63,11.53,48.35,4,24,128.33,0
327640,37.33,6.34,81.93,3,1,195.7,0
447173,40.97,5.51,54.55,1,12,115.13,0
429077,34.13,6.81,46.63,0,14,150.12,0
477036,23.97,8.12,69.14,1,3,142.81,0
405656,32.21,9.76,61.81,4,32,349.82,1
434223,11.01,11.18,80.76,1,16,90.81,0
549125,69.16,1.0,87.29,2,10,124.52,0
397588,16.48,5.96,62.68,0,17,141.11,0
257210,19.52,8.04,62.29,5,4,148.36,1
659950,28.4,17.53,60.35,2,15,249.99,0
615774,54.32,4.6,67.23,1,33,162.19,0
294928,35.22,10.81,56.38,3,10,87.31,0
532764,16.46,17.48,54.98,4,7,280.16,0
389643,53.82,3.44,84.92,1,33,198.45,1
481618,45.97,11.97,92.9,1,17,209.44,0
485306,43.08,5.99,17.31,4,12,225.56,1
421871,45.74,7.48,55.25,4,17,93.76,0
355948,70.92,5.98,37.78,1,16,179.52,0
367135,67.78,6.34,47.23,2,14,237.49,0
340056,24.7,23.61,65.06,3,3,135.18,0
350181,59.36,14.22,71.74,2,30,201.47,0
441938,40.75,15.51,52.2,3,35,218.05,0
364108,42.49,12.46,7.17,2,26,77.8,0
531846,9.62,1.97,30.87,8,12,107.73,0
628469,32.44,11.97,77.41,2,31,20.07,0
380393,22.81,15.36,5.0,1,17,195.87,0
478728,47.42,5.73,84.69,1,8,311.95,0
509962,51.07,14.83,68.03,0,19,131.55,0
506640,3.88,13.52,87.9,0,26,166.51,0
459114,34.67,19.26,50.04,2,4,250.93,0
539121,51.83,7.91,5.0,1,15,198.61,0
507869,32.2,4.51,65.76,3,14,111.84,0
301480,45.94,8.19,86.87,2,30,286.84,0
554298,40.27,17.18,78.12,1,24,193.81,0
556474,40.12,1.0,38.43,1,34,163.74,0
358405,30.93,1.0,57.17,2,19,169.54,0
454552,16.75,10.45,41.68,4,3,221.36,0
531999,18.18,7.79,34.52,2,4,137.06,0
424882,45.64,10.04,78.88,2,11,290.01,0
578757,35.29,14.73,25.06,1,13,268.1,0
733664,32.92,7.24,32.65,1,18,180.59,0
355681,28.64,1.0,27.4,1,19,184.31,0
284274,30.42,20.22,17.74,1,33,120.78,0
486458,50.7,5.01,58.66,2,3,135.39,0
536587,29.97,4.7,84.04,2,35,100.52,1
422296,14.88,15.52,50.38,4,1,165.71,0
624391,46.15,8.08,17.36,3,35,184.36,0
289367,31.93,9.68,76.0,4,25,68.69,0
533150,35.47,12.41,97.14,5,13,228.22,1
377296,59.11,15.42,38.84,3,4,119.04,0
656325,34.69,8.33,43.04,2,6,208.83,0
689101,39.34,17.6,67.89,1,11,236.51,0
358001,17.32,1.0,95.55,3,1,271.49,1
384053,31.7,13.8,42.0,2,8,256.79,0
553150,44.14,5.8,21.69,0,34,295.96,1
403544,11.67,16.86,70.79,4,9,237.08,0
444550,38.01,10.71,74.98,3,21,191.74,0
453046,36.51,6.64,55.15,2,20,146.91,0
219639,35.62,13.31,41.05,0,1,171.64,1
448339,50.56,14.47,79.86,1,35,294.06,0
367232,40.02,13.21,68.2,6,28,166.15,0
390825,57.17,4.85,35.79,1,7,179.64,0
623235,20.1,7.58,56.23,3,9,283.34,0
299219,37.04,9.98,21.21,2,1,163.67,1
547584,36.27,9.79,72.15,4,34,124.36,0
416524,18.96,13.75,48.44,0,34,259.32,0
416428,49.34,1.0,44.11,2,17,122.07,0
544844,69.87,11.67,54.18,3,32,208.27,0
490806,34.74,8.55,56.01,1,2,196.02,1
518473,42.58,5.81,77.37,0,25,202.1,0
566182,36.27,6.29,69.78,1,26,10.62,0
410242,24.3,8.93,51.09,4,26,234.63,0
376531,7.69,1.0,74.09,2,21,175.84,0
319781,24.41,6.49,65.02,1,18,223.14,0
350950,14.12,5.62,44.34,1,29,215.06,0
803891,60.56,12.66,51.88,2,24,202.12,0
599361,33.27,5.97,51.29,1,28,152.2,0
287871,29.81,8.92,67.63,3,12,152.97,0
291305,48.34,17.71,45.82,4,11,176.2,0
507823,18.17,14.97,45.24,2,27,192.0,0
515671,23.5,14.51,104.22,2,23,150.32,0
515866,36.02,7.5,78.49,4,33,246.01,0
419405,50.43,12.72,35.98,1,16,157.05,0
434945,42.53,8.83,69.27,1,28,111.41,0
489345,38.72,9.02,57.96,2,28,221.67,0
460307,36.17,12.05,64.79,1,6,311.68,0
183683,41.0,7.02,58.43,1,29,98.27,0
422424,38.02,17.47,84.74,3,34,171.23,0
347831,19.55,9.2,63.64,5,3,254.47,0
471025,35.69,13.09,53.45,3,6,219.89,0
808231,18.89,17.28,81.05,1,13,223.49,1
494097,36.22,15.16,60.83,2,15,182.13,0
412376,27.79,2.96,58.04,6,6,10.0,0
560616,73.09,12.22,62.85,1,33,198.05,0
507922,34.4,14.25,52.66,2,12,206.14,0
500411,13.94,14.46,55.23,4,13,258.81,0
522822,32.99,4.43,40.33,3,33,127.43,0
696785,42.79,6.71,36.22,2,28,297.8,0
314293,60.1,14.97,30.04,0,5,158.27,0
506835,26.16,6.19,20.2,5,25,146.22,0
338834,11.26,8.5,33.01,0,17,129.55,0
516661,47.25,17.88,50.64,1,19,253.24,0
339757,14.29,9.76,57.58,2,35,103.28,0
399915,28.46,6.37,48.22,2,34,224.23,0
414589,31.14,5.61,5.0,4,6,123.47,0
567098,33.96,11.66,94.36,3,19,176.91,1
560214,45.34,3.33,82.16,2,1,73.27,0
300513,24.75,8.76,66.14,2,7,234.98,0
456592,30.89,11.67,102.69,1,34,169.5,0
364850,34.79,16.5,30.57,1,19,219.02,0
298979,37.24,13.34,102.19,1,33,167.48,0
423957,36.47,6.43,30.87,6,26,216.94,0
412982,41.54,15.89,60.97,0,27,176.77,0
741205,47.66,8.5,23.15,3,26,231.84,0
501955,40.89,3.82,55.37,4,35,217.37,0
284685,41.8,9.14,64.65,3,20,193.74,0
382227,11.27,17.19,51.13,3,24,116.99,0
572565,35.75,10.83,72.85,0,21,149.38,0
700613,42.19,10.06,57.48,0,26,125.95,0
259682,45.93,18.19,41.94,2,20,280.01,0
224409,24.61,2.84,40.83,2,6,234.63,0
674515,25.11,3.57,75.27,0,3,182.64,0
496753,26.39,1.92,38.66,1,10,140.65,0
345804,43.05,11.86,77.89,0,12,124.72,0
514155,50.51,10.83,85.57,6,33,188.57,0
150000,28.89,17.71,13.28,2,22,309.02,0
450405,48.62,11.22,83.32,5,16,180.42,1
489338,36.85,7.98,106.51,4,17,264.13,0
560912,33.14,10.01,61.3,1,10,199.3,0
328332,31.83,10.59,69.98,4,12,219.38,0
460282,46.2,1.64,80.93,4,19,146.69,1
338949,39.88,23.55,48.11,2,23,166.21,0
480646,69.14,12.6,59.56,1,10,121.84,0
342558,22.22,11.05,22.15,2,10,201.32,0
401027,42.77,13.08,58.47,2,10,162.96,0
330502,27.06,13.55,67.45,2,30,205.19,0
528136,21.96,9.3,67.9,4,4,111.04,0
553014,34.84,6.84,81.64,0,1,211.9,0
421845,37.06,13.0,35.63,1,19,191.82,0
454588,78.77,11.93,41.68,1,5,189.58,0
276169,32.24,5.95,102.39,2,30,207.26,0
414038,18.05,17.1,51.24,3,26,163.37,0
443975,39.1,11.47,60.0,0,34,446.47,0
764495,3.88,13.65,53.32,1,2,212.79,0
316563,33.62,16.96,34.46,1,24,187.36,0
625701,35.24,10.11,95.59,0,14,231.94,0
569623,46.92,11.58,41.81,1,13,143.51,0
483676,49.6,14.05,26.82,2,29,141.19,0
661034,27.45,6.38,43.73,1,1,236.03,0
494652,32.74,10.27,5.0,2,34,242.24,0
496699,23.51,10.63,38.72,3,4,263.42,0
443625,18.08,5.22,30.8,3,28,80.24,0
596828,39.65,21.59,70.44,2,19,171.15,0
581576,15.9,2.96,38.16,2,1,203.07,0
374918,28.78,3.51,77.2,0,13,230.42,0
291690,20.07,16.57,89.96,1,5,216.86,0
